Entity,Code,Year,"Incidence of malaria (per 1,000 population at risk)"
Afghanistan,AFG,2000,87.01463
Afghanistan,AFG,2001,86.370926
Afghanistan,AFG,2002,85.295746
Afghanistan,AFG,2003,71.088936
Afghanistan,AFG,2004,39.42516
Afghanistan,AFG,2005,28.411255
Afghanistan,AFG,2006,21.289812
Afghanistan,AFG,2007,22.632002
Afghanistan,AFG,2008,19.746693
Afghanistan,AFG,2009,13.005398
Afghanistan,AFG,2010,13.416947
Afghanistan,AFG,2011,16.044136
Afghanistan,AFG,2012,9.380503
Afghanistan,AFG,2013,11.482864
Afghanistan,AFG,2014,12.634543
Afghanistan,AFG,2015,14.130087
Afghanistan,AFG,2016,27.417866
Afghanistan,AFG,2017,29.029257
Afghanistan,AFG,2018,22.365343
Afghanistan,AFG,2019,14.179204
Afghanistan,AFG,2020,8.4132
Afghanistan,AFG,2021,6.2413573
Afghanistan,AFG,2022,9.064345
Algeria,DZA,2000,0.01880842
Algeria,DZA,2001,0.003273778
Algeria,DZA,2002,0.0053831916
Algeria,DZA,2003,0.0026553909
Algeria,DZA,2004,0.0010473134
Algeria,DZA,2005,0.00051656226
Algeria,DZA,2006,0.00050917116
Algeria,DZA,2007,0.013024682
Algeria,DZA,2008,0.0014773834
Algeria,DZA,2009,0
Algeria,DZA,2010,0.00047478848
Algeria,DZA,2011,0.00046586012
Algeria,DZA,2012,0.025129244
Algeria,DZA,2013,0.0035839789
Algeria,DZA,2014,0
Algeria,DZA,2015,0
Algeria,DZA,2016,0
Algeria,DZA,2017,0
Algeria,DZA,2018,0
Algeria,DZA,2019,0
Algeria,DZA,2020,0
Algeria,DZA,2021,0
Algeria,DZA,2022,0
Angola,AGO,2000,325.51627
Angola,AGO,2001,329.26944
Angola,AGO,2002,314.61984
Angola,AGO,2003,318.89792
Angola,AGO,2004,312.5766
Angola,AGO,2005,313.80045
Angola,AGO,2006,300.26917
Angola,AGO,2007,271.45328
Angola,AGO,2008,230.12332
Angola,AGO,2009,194.58954
Angola,AGO,2010,170.90898
Angola,AGO,2011,157.30502
Angola,AGO,2012,153.0195
Angola,AGO,2013,157.94395
Angola,AGO,2014,163.70845
Angola,AGO,2015,174.33443
Angola,AGO,2016,190.11137
Angola,AGO,2017,215.56732
Angola,AGO,2018,231.93323
Angola,AGO,2019,242.4269
Angola,AGO,2020,244.01392
Angola,AGO,2021,246.27965
Angola,AGO,2022,235.9245
Argentina,ARG,2000,2.373849
Argentina,ARG,2001,1.1472663
Argentina,ARG,2002,0.6598918
Argentina,ARG,2003,0.64789176
Argentina,ARG,2004,0.59997
Argentina,ARG,2005,1.1824808
Argentina,ARG,2006,0.8713979
Argentina,ARG,2007,1.6450998
Argentina,ARG,2008,0.5214334
Argentina,ARG,2009,0.452264
Argentina,ARG,2010,0.26277372
Argentina,ARG,2011,0
Argentina,ARG,2012,0
Argentina,ARG,2013,0
Argentina,ARG,2014,0
Argentina,ARG,2015,0
Argentina,ARG,2016,0
Argentina,ARG,2017,0
Argentina,ARG,2018,0
Argentina,ARG,2019,0
Argentina,ARG,2020,0
Argentina,ARG,2021,0
Argentina,ARG,2022,0
Armenia,ARM,2000,0.044500228
Armenia,ARM,2001,0.025214378
Armenia,ARM,2002,0.016746983
Armenia,ARM,2003,0.009403061
Armenia,ARM,2004,0.015330695
Armenia,ARM,2005,0.0022971563
Armenia,ARM,2006,0
Armenia,ARM,2007,0
Armenia,ARM,2008,0
Armenia,ARM,2009,0
Armenia,ARM,2010,0
Armenia,ARM,2012,0
Armenia,ARM,2013,0
Armenia,ARM,2014,0
Armenia,ARM,2015,0
Armenia,ARM,2016,0
Armenia,ARM,2017,0
Armenia,ARM,2018,0
Armenia,ARM,2019,0
Armenia,ARM,2020,0
Armenia,ARM,2022,0
Azerbaijan,AZE,2000,8.100777
Azerbaijan,AZE,2001,5.533215
Azerbaijan,AZE,2002,2.6225865
Azerbaijan,AZE,2003,2.4661798
Azerbaijan,AZE,2004,1.9614718
Azerbaijan,AZE,2005,1.2155124
Azerbaijan,AZE,2006,0.69955397
Azerbaijan,AZE,2007,0.5288855
Azerbaijan,AZE,2008,0.34783784
Azerbaijan,AZE,2009,0.3718695
Azerbaijan,AZE,2010,0.23534395
Azerbaijan,AZE,2011,0.018582439
Azerbaijan,AZE,2012,0.013750871
Azerbaijan,AZE,2013,0
Azerbaijan,AZE,2014,0
Azerbaijan,AZE,2015,0
Azerbaijan,AZE,2016,0
Azerbaijan,AZE,2017,0
Azerbaijan,AZE,2018,0
Azerbaijan,AZE,2019,0
Azerbaijan,AZE,2022,0
Bangladesh,BGD,2000,6.795565
Bangladesh,BGD,2001,6.795624
Bangladesh,BGD,2002,6.795592
Bangladesh,BGD,2003,6.795602
Bangladesh,BGD,2004,6.7956305
Bangladesh,BGD,2005,6.7955837
Bangladesh,BGD,2006,4.458939
Bangladesh,BGD,2007,8.171787
Bangladesh,BGD,2008,7.7234745
Bangladesh,BGD,2009,5.0980253
Bangladesh,BGD,2010,4.3338137
Bangladesh,BGD,2011,3.9183905
Bangladesh,BGD,2012,2.1582165
Bangladesh,BGD,2013,1.9032681
Bangladesh,BGD,2014,3.9430058
Bangladesh,BGD,2015,2.6737013
Bangladesh,BGD,2016,1.8362924
Bangladesh,BGD,2017,1.9115562
Bangladesh,BGD,2018,0.7027673
Bangladesh,BGD,2019,1.1886045
Bangladesh,BGD,2020,0.41816777
Bangladesh,BGD,2021,0.49168378
Bangladesh,BGD,2022,1.2169356
Belize,BLZ,2000,8.958283
Belize,BLZ,2001,6.7878194
Belize,BLZ,2002,6.420164
Belize,BLZ,2003,7.2684155
Belize,BLZ,2004,5.677219
Belize,BLZ,2005,8.006906
Belize,BLZ,2006,4.236459
Belize,BLZ,2007,4.1209664
Belize,BLZ,2008,2.5603094
Belize,BLZ,2009,1.180937
Belize,BLZ,2010,0.67490655
Belize,BLZ,2011,0.31664914
Belize,BLZ,2012,0.14189276
Belize,BLZ,2013,0.08409227
Belize,BLZ,2014,0.0781536
Belize,BLZ,2015,0.036245015
Belize,BLZ,2016,0.015782516
Belize,BLZ,2017,0.027075324
Belize,BLZ,2018,0.011379801
Belize,BLZ,2019,0
Belize,BLZ,2020,0
Belize,BLZ,2021,0
Belize,BLZ,2022,0
Benin,BEN,2000,412.44635
Benin,BEN,2001,430.84586
Benin,BEN,2002,453.70148
Benin,BEN,2003,470.19562
Benin,BEN,2004,488.90186
Benin,BEN,2005,494.03867
Benin,BEN,2006,492.79578
Benin,BEN,2007,488.00702
Benin,BEN,2008,469.76764
Benin,BEN,2009,439.5762
Benin,BEN,2010,408.96396
Benin,BEN,2011,380.81302
Benin,BEN,2012,364.56418
Benin,BEN,2013,364.1177
Benin,BEN,2014,369.02277
Benin,BEN,2015,389.70728
Benin,BEN,2016,419.33023
Benin,BEN,2017,420.50333
Benin,BEN,2018,408.06686
Benin,BEN,2019,401.71478
Benin,BEN,2020,378.15427
Benin,BEN,2021,383.45065
Benin,BEN,2022,383.45065
Bhutan,BTN,2000,13.658341
Bhutan,BTN,2001,13.400747
Bhutan,BTN,2002,14.213209
Bhutan,BTN,2003,8.104373
Bhutan,BTN,2004,5.5510163
Bhutan,BTN,2005,3.717972
Bhutan,BTN,2006,3.7494078
Bhutan,BTN,2007,1.5721836
Bhutan,BTN,2008,0.64458615
Bhutan,BTN,2009,2.0473347
Bhutan,BTN,2010,0.8351194
Bhutan,BTN,2011,0.3675189
Bhutan,BTN,2012,0.15365963
Bhutan,BTN,2013,0.027809862
Bhutan,BTN,2014,0.034868527
Bhutan,BTN,2015,0.06181571
Bhutan,BTN,2016,0.02703565
Bhutan,BTN,2017,0.019659393
Bhutan,BTN,2018,0.010639222
Bhutan,BTN,2019,0.003521629
Bhutan,BTN,2020,0.03848482
Bhutan,BTN,2021,0.015642952
Bhutan,BTN,2022,0
Bolivia,BOL,2000,11.709673
Bolivia,BOL,2001,5.627754
Bolivia,BOL,2002,4.8955812
Bolivia,BOL,2003,6.709077
Bolivia,BOL,2004,4.832643
Bolivia,BOL,2005,6.4161887
Bolivia,BOL,2006,5.946107
Bolivia,BOL,2007,4.4939938
Bolivia,BOL,2008,2.946998
Bolivia,BOL,2009,2.9263287
Bolivia,BOL,2010,4.023079
Bolivia,BOL,2011,2.052385
Bolivia,BOL,2012,2.095449
Bolivia,BOL,2013,2.237617
Bolivia,BOL,2014,2.2197952
Bolivia,BOL,2015,1.851433
Bolivia,BOL,2016,1.4697559
Bolivia,BOL,2017,1.1941115
Bolivia,BOL,2018,1.374745
Bolivia,BOL,2019,2.3683262
Bolivia,BOL,2020,3.0481555
Bolivia,BOL,2021,2.459082
Bolivia,BOL,2022,2.5221293
Botswana,BWA,2000,16.72204
Botswana,BWA,2001,6.5900536
Botswana,BWA,2002,3.0778022
Botswana,BWA,2003,1.5373527
Botswana,BWA,2004,0.9873951
Botswana,BWA,2005,1.1682271
Botswana,BWA,2006,3.754618
Botswana,BWA,2007,0.9907474
Botswana,BWA,2008,1.8462398
Botswana,BWA,2009,2.0015547
Botswana,BWA,2010,1.6073773
Botswana,BWA,2011,0.4820391
Botswana,BWA,2012,0.21077986
Botswana,BWA,2013,0.49319392
Botswana,BWA,2014,1.3846405
Botswana,BWA,2015,0.29771993
Botswana,BWA,2016,0.6309294
Botswana,BWA,2017,1.8393955
Botswana,BWA,2018,0.4959283
Botswana,BWA,2019,0.1556794
Botswana,BWA,2020,1.0448918
Botswana,BWA,2021,0.6176897
Botswana,BWA,2022,0.31080958
Brazil,BRA,2000,21.308392
Brazil,BRA,2001,12.9119005
Brazil,BRA,2002,11.114518
Brazil,BRA,2003,12.560129
Brazil,BRA,2004,13.7802305
Brazil,BRA,2005,17.359665
Brazil,BRA,2006,15.2406435
Brazil,BRA,2007,13.801716
Brazil,BRA,2008,8.582785
Brazil,BRA,2009,8.328247
Brazil,BRA,2010,9.784906
Brazil,BRA,2011,7.0597215
Brazil,BRA,2012,6.3577285
Brazil,BRA,2013,4.827383
Brazil,BRA,2014,3.5494142
Brazil,BRA,2015,3.9514124
Brazil,BRA,2016,3.1439428
Brazil,BRA,2017,5.2192593
Brazil,BRA,2018,5.1287723
Brazil,BRA,2019,4.1554317
Brazil,BRA,2020,3.8613088
Brazil,BRA,2021,3.7238019
Brazil,BRA,2022,3.4395258
Burkina Faso,BFA,2000,599.3174
Burkina Faso,BFA,2001,599.7482
Burkina Faso,BFA,2002,594.74927
Burkina Faso,BFA,2003,584.46356
Burkina Faso,BFA,2004,561.2775
Burkina Faso,BFA,2005,530.6522
Burkina Faso,BFA,2006,513.2121
Burkina Faso,BFA,2007,521.35205
Burkina Faso,BFA,2008,551.824
Burkina Faso,BFA,2009,570.7757
Burkina Faso,BFA,2010,570.4729
Burkina Faso,BFA,2011,556.6615
Burkina Faso,BFA,2012,535.21515
Burkina Faso,BFA,2013,488.77414
Burkina Faso,BFA,2014,447.60635
Burkina Faso,BFA,2015,419.2821
Burkina Faso,BFA,2016,374.3211
Burkina Faso,BFA,2017,357.61417
Burkina Faso,BFA,2018,357.02563
Burkina Faso,BFA,2019,356.66324
Burkina Faso,BFA,2020,377.40213
Burkina Faso,BFA,2021,376.77182
Burkina Faso,BFA,2022,353.67813
Burundi,BDI,2000,436.2265
Burundi,BDI,2001,426.99005
Burundi,BDI,2002,407.43378
Burundi,BDI,2003,376.33142
Burundi,BDI,2004,324.0933
Burundi,BDI,2005,298.3062
Burundi,BDI,2006,278.36276
Burundi,BDI,2007,237.54724
Burundi,BDI,2008,202.69302
Burundi,BDI,2009,174.7343
Burundi,BDI,2010,169.1251
Burundi,BDI,2011,163.75368
Burundi,BDI,2012,164.65881
Burundi,BDI,2013,171.89417
Burundi,BDI,2014,180.6137
Burundi,BDI,2015,199.35252
Burundi,BDI,2016,232.14326
Burundi,BDI,2017,249.79219
Burundi,BDI,2018,287.23132
Burundi,BDI,2019,290.8886
Burundi,BDI,2020,298.68292
Burundi,BDI,2021,284.00714
Burundi,BDI,2022,261.4017
Cambodia,KHM,2000,77.61234
Cambodia,KHM,2001,44.282978
Cambodia,KHM,2002,39.055233
Cambodia,KHM,2003,51.104702
Cambodia,KHM,2004,43.532284
Cambodia,KHM,2005,41.2489
Cambodia,KHM,2006,45.67999
Cambodia,KHM,2007,19.593597
Cambodia,KHM,2008,21.662731
Cambodia,KHM,2009,42.329597
Cambodia,KHM,2010,34.575527
Cambodia,KHM,2011,35.49898
Cambodia,KHM,2012,24.718697
Cambodia,KHM,2013,15.819795
Cambodia,KHM,2014,22.221094
Cambodia,KHM,2015,19.952677
Cambodia,KHM,2016,11.168319
Cambodia,KHM,2017,17.998669
Cambodia,KHM,2018,23.883255
Cambodia,KHM,2019,12.148617
Cambodia,KHM,2020,3.7156367
Cambodia,KHM,2021,1.6154304
Cambodia,KHM,2022,1.4760573
Cameroon,CMR,2000,403.10944
Cameroon,CMR,2001,413.69382
Cameroon,CMR,2002,409.75397
Cameroon,CMR,2003,422.4069
Cameroon,CMR,2004,426.19864
Cameroon,CMR,2005,421.70764
Cameroon,CMR,2006,407.46042
Cameroon,CMR,2007,380.17438
Cameroon,CMR,2008,344.49142
Cameroon,CMR,2009,306.18396
Cameroon,CMR,2010,285.65897
Cameroon,CMR,2011,264.9906
Cameroon,CMR,2012,256.15405
Cameroon,CMR,2013,260.65344
Cameroon,CMR,2014,260.63486
Cameroon,CMR,2015,259.1337
Cameroon,CMR,2016,254.28496
Cameroon,CMR,2017,245.0646
Cameroon,CMR,2018,241.66718
Cameroon,CMR,2019,232.05765
Cameroon,CMR,2020,238.1119
Cameroon,CMR,2021,234.10214
Cameroon,CMR,2022,231.38528
Cape Verde,CPV,2000,1.2086114
Cape Verde,CPV,2001,0.88320994
Cape Verde,CPV,2002,0.6176853
Cape Verde,CPV,2003,0.5447714
Cape Verde,CPV,2004,0.35570028
Cape Verde,CPV,2005,0.5306903
Cape Verde,CPV,2006,0.6167652
Cape Verde,CPV,2007,0.13716376
Cape Verde,CPV,2008,0.26377866
Cape Verde,CPV,2009,0.48483944
Cape Verde,CPV,2010,0.34682506
Cape Verde,CPV,2011,0.051037148
Cape Verde,CPV,2012,0.007204403
Cape Verde,CPV,2013,0.15671301
Cape Verde,CPV,2014,0.18312567
Cape Verde,CPV,2015,0.04875908
Cape Verde,CPV,2016,0.3375074
Cape Verde,CPV,2017,2.879745
Cape Verde,CPV,2018,0.013466925
Cape Verde,CPV,2019,0
Cape Verde,CPV,2020,0
Cape Verde,CPV,2021,0
Cape Verde,CPV,2022,0
Central African Republic,CAF,2000,424.43784
Central African Republic,CAF,2001,425.44202
Central African Republic,CAF,2002,433.1759
Central African Republic,CAF,2003,438.4536
Central African Republic,CAF,2004,442.3859
Central African Republic,CAF,2005,444.1615
Central African Republic,CAF,2006,444.52948
Central African Republic,CAF,2007,437.35867
Central African Republic,CAF,2008,427.61325
Central African Republic,CAF,2009,418.6917
Central African Republic,CAF,2010,406.7051
Central African Republic,CAF,2011,394.23486
Central African Republic,CAF,2012,384.78845
Central African Republic,CAF,2013,377.01428
Central African Republic,CAF,2014,367.20914
Central African Republic,CAF,2015,351.0241
Central African Republic,CAF,2016,335.11414
Central African Republic,CAF,2017,333.02866
Central African Republic,CAF,2018,329.5634
Central African Republic,CAF,2019,324.17776
Central African Republic,CAF,2020,311.98892
Central African Republic,CAF,2021,310.8802
Central African Republic,CAF,2022,310.58957
Chad,TCD,2000,269.14078
Chad,TCD,2001,272.5086
Chad,TCD,2002,239.03563
Chad,TCD,2003,235.30286
Chad,TCD,2004,232.2083
Chad,TCD,2005,235.80164
Chad,TCD,2006,236.77185
Chad,TCD,2007,231.87321
Chad,TCD,2008,233.82608
Chad,TCD,2009,242.13199
Chad,TCD,2010,243.36572
Chad,TCD,2011,227.43825
Chad,TCD,2012,214.27957
Chad,TCD,2013,206.36577
Chad,TCD,2014,209.29204
Chad,TCD,2015,210.86034
Chad,TCD,2016,209.18005
Chad,TCD,2017,211.40433
Chad,TCD,2018,219.52638
Chad,TCD,2019,213.71736
Chad,TCD,2020,206.28934
Chad,TCD,2021,203.7316
Chad,TCD,2022,207.40773
China,CHN,2000,0.015179559
China,CHN,2001,0.03989779
China,CHN,2002,0.047637813
China,CHN,2003,0.0528558
China,CHN,2004,0.050146148
China,CHN,2005,0.040195696
China,CHN,2006,0.06443124
China,CHN,2007,0.053021327
China,CHN,2008,0.029929759
China,CHN,2009,0.016582474
China,CHN,2010,0.008850019
China,CHN,2011,0.002304584
China,CHN,2012,0.00042692941
China,CHN,2013,0.00014421923
China,CHN,2014,0.00009148752
China,CHN,2015,0.000066909175
China,CHN,2016,0.0000017056165
China,CHN,2017,0
China,CHN,2018,0
China,CHN,2019,0
China,CHN,2020,0
China,CHN,2022,0
Colombia,COL,2000,24.271358
Colombia,COL,2001,37.75908
Colombia,COL,2002,32.53998
Colombia,COL,2003,27.968172
Colombia,COL,2004,21.415735
Colombia,COL,2005,17.85533
Colombia,COL,2006,17.468515
Colombia,COL,2007,18.063978
Colombia,COL,2008,11.336385
Colombia,COL,2009,11.268868
Colombia,COL,2010,16.58604
Colombia,COL,2011,8.985203
Colombia,COL,2012,8.304846
Colombia,COL,2013,7.067376
Colombia,COL,2014,5.5180798
Colombia,COL,2015,8.132893
Colombia,COL,2016,10.958933
Colombia,COL,2017,7.5634007
Colombia,COL,2018,8.600544
Colombia,COL,2019,11.096851
Colombia,COL,2020,9.399462
Colombia,COL,2021,9.84678
Colombia,COL,2022,8.854193
Comoros,COM,2000,66.331566
Comoros,COM,2001,65.03621
Comoros,COM,2002,63.781757
Comoros,COM,2003,62.54363
Comoros,COM,2004,61.310772
Comoros,COM,2005,60.09283
Comoros,COM,2006,58.887833
Comoros,COM,2007,57.693398
Comoros,COM,2008,56.50309
Comoros,COM,2009,55.322002
Comoros,COM,2010,55.696133
Comoros,COM,2011,37.094578
Comoros,COM,2012,72.80663
Comoros,COM,2013,76.00305
Comoros,COM,2014,3.0827918
Comoros,COM,2015,2.5800586
Comoros,COM,2016,1.9658766
Comoros,COM,2017,5.1151166
Comoros,COM,2018,19.561697
Comoros,COM,2019,22.249445
Comoros,COM,2020,5.639037
Comoros,COM,2021,12.824585
Comoros,COM,2022,24.707985
Congo,COG,2000,350.89932
Congo,COG,2001,351.61264
Congo,COG,2002,329.32303
Congo,COG,2003,328.43356
Congo,COG,2004,324.5744
Congo,COG,2005,306.46945
Congo,COG,2006,284.1346
Congo,COG,2007,253.79007
Congo,COG,2008,226.41322
Congo,COG,2009,214.93388
Congo,COG,2010,215.37178
Congo,COG,2011,216.25311
Congo,COG,2012,215.45569
Congo,COG,2013,216.8564
Congo,COG,2014,211.49715
Congo,COG,2015,208.76924
Congo,COG,2016,213.48633
Congo,COG,2017,232.52805
Congo,COG,2018,243.84651
Congo,COG,2019,236.96936
Congo,COG,2020,230.55014
Congo,COG,2021,222.15594
Congo,COG,2022,212.3402
Costa Rica,CRI,2000,1.3491614
Costa Rica,CRI,2001,0.96078813
Costa Rica,CRI,2002,0.7075939
Costa Rica,CRI,2003,0.48976374
Costa Rica,CRI,2004,0.8659841
Costa Rica,CRI,2005,2.3441637
Costa Rica,CRI,2006,1.8944634
Costa Rica,CRI,2007,0.7869983
Costa Rica,CRI,2008,0.61307174
Costa Rica,CRI,2009,0.16404796
Costa Rica,CRI,2010,0.06799407
Costa Rica,CRI,2011,0.006105103
Costa Rica,CRI,2012,0.0042224457
Costa Rica,CRI,2013,0
Costa Rica,CRI,2014,0
Costa Rica,CRI,2015,0
Costa Rica,CRI,2016,0.002311042
Costa Rica,CRI,2017,0.006865601
Costa Rica,CRI,2018,0.03967678
Costa Rica,CRI,2019,0.0533832
Costa Rica,CRI,2020,0.050192796
Costa Rica,CRI,2021,0.104773924
Costa Rica,CRI,2022,0.2239024
Cote d'Ivoire,CIV,2000,504.4007
Cote d'Ivoire,CIV,2001,514.4761
Cote d'Ivoire,CIV,2002,516.26196
Cote d'Ivoire,CIV,2003,517.4826
Cote d'Ivoire,CIV,2004,510.38803
Cote d'Ivoire,CIV,2005,485.96298
Cote d'Ivoire,CIV,2006,450.98715
Cote d'Ivoire,CIV,2007,421.51056
Cote d'Ivoire,CIV,2008,422.16794
Cote d'Ivoire,CIV,2009,444.16925
Cote d'Ivoire,CIV,2010,466.27222
Cote d'Ivoire,CIV,2011,463.38593
Cote d'Ivoire,CIV,2012,375.89355
Cote d'Ivoire,CIV,2013,288.17758
Cote d'Ivoire,CIV,2014,257.75732
Cote d'Ivoire,CIV,2015,239.92403
Cote d'Ivoire,CIV,2016,242.26747
Cote d'Ivoire,CIV,2017,251.84453
Cote d'Ivoire,CIV,2018,264.81998
Cote d'Ivoire,CIV,2019,269.3038
Cote d'Ivoire,CIV,2020,269.85464
Cote d'Ivoire,CIV,2021,265.98917
Cote d'Ivoire,CIV,2022,260.75226
Democratic Republic of Congo,COD,2000,461.27112
Democratic Republic of Congo,COD,2001,462.03735
Democratic Republic of Congo,COD,2002,465.88885
Democratic Republic of Congo,COD,2003,471.41483
Democratic Republic of Congo,COD,2004,473.8137
Democratic Republic of Congo,COD,2005,474.63663
Democratic Republic of Congo,COD,2006,470.57916
Democratic Republic of Congo,COD,2007,456.42532
Democratic Republic of Congo,COD,2008,435.92758
Democratic Republic of Congo,COD,2009,408.75378
Democratic Republic of Congo,COD,2010,384.67642
Democratic Republic of Congo,COD,2011,361.56848
Democratic Republic of Congo,COD,2012,333.65787
Democratic Republic of Congo,COD,2013,307.60065
Democratic Republic of Congo,COD,2014,294.12985
Democratic Republic of Congo,COD,2015,298.75812
Democratic Republic of Congo,COD,2016,305.24503
Democratic Republic of Congo,COD,2017,317.11932
Democratic Republic of Congo,COD,2018,328.65567
Democratic Republic of Congo,COD,2019,330.00125
Democratic Republic of Congo,COD,2020,326.74863
Democratic Republic of Congo,COD,2021,320.9978
Democratic Republic of Congo,COD,2022,309.6067
Djibouti,DJI,2000,3.1107078
Djibouti,DJI,2001,3.1112
Djibouti,DJI,2002,3.1109376
Djibouti,DJI,2003,3.1104121
Djibouti,DJI,2004,3.1105695
Djibouti,DJI,2005,3.110365
Djibouti,DJI,2006,3.1111152
Djibouti,DJI,2007,3.110228
Djibouti,DJI,2008,3.1113453
Djibouti,DJI,2009,3.9748192
Djibouti,DJI,2010,1.4652015
Djibouti,DJI,2011,3.1101787
Djibouti,DJI,2012,3.1104765
Djibouti,DJI,2013,2.3108506
Djibouti,DJI,2014,12.725569
Djibouti,DJI,2015,12.553454
Djibouti,DJI,2016,18.012335
Djibouti,DJI,2017,18.984964
Djibouti,DJI,2018,31.33778
Djibouti,DJI,2019,61.33778
Djibouti,DJI,2020,89.947876
Djibouti,DJI,2021,71.06207
Djibouti,DJI,2022,48.359043
Dominican Republic,DOM,2000,0.32394943
Dominican Republic,DOM,2001,0.27538806
Dominican Republic,DOM,2002,0.3478159
Dominican Republic,DOM,2003,0.40360397
Dominican Republic,DOM,2004,0.61150724
Dominican Republic,DOM,2005,0.98055977
Dominican Republic,DOM,2006,0.88679785
Dominican Republic,DOM,2007,0.6715682
Dominican Republic,DOM,2008,0.45086867
Dominican Republic,DOM,2009,0.3979795
Dominican Republic,DOM,2010,0.5946499
Dominican Republic,DOM,2011,0.38275576
Dominican Republic,DOM,2012,0.22297795
Dominican Republic,DOM,2013,0.109567866
Dominican Republic,DOM,2014,0.099936545
Dominican Republic,DOM,2015,0.1357354
Dominican Republic,DOM,2016,0.1467543
Dominican Republic,DOM,2017,0.07161474
Dominican Republic,DOM,2018,0.09005258
Dominican Republic,DOM,2019,0.2656008
Dominican Republic,DOM,2020,0.16818418
Dominican Republic,DOM,2021,0.046375327
Dominican Republic,DOM,2022,0.051737584
East Asia and Pacific (WB),,2000,5.8866954
East Asia and Pacific (WB),,2001,5.5354753
East Asia and Pacific (WB),,2002,5.183733
East Asia and Pacific (WB),,2003,5.2347693
East Asia and Pacific (WB),,2004,5.637436
East Asia and Pacific (WB),,2005,5.212213
East Asia and Pacific (WB),,2006,5.1330943
East Asia and Pacific (WB),,2007,4.5604963
East Asia and Pacific (WB),,2008,4.6807804
East Asia and Pacific (WB),,2009,5.084637
East Asia and Pacific (WB),,2010,5.2056136
East Asia and Pacific (WB),,2011,4.494909
East Asia and Pacific (WB),,2012,5.1182923
East Asia and Pacific (WB),,2013,3.7659721
East Asia and Pacific (WB),,2014,3.409492
East Asia and Pacific (WB),,2015,2.4166539
East Asia and Pacific (WB),,2016,2.5422778
East Asia and Pacific (WB),,2017,2.2588425
East Asia and Pacific (WB),,2018,2.2605705
East Asia and Pacific (WB),,2019,2.082109
East Asia and Pacific (WB),,2020,2.264304
East Asia and Pacific (WB),,2022,3.227564
East Timor,TLS,2000,155.12071
East Timor,TLS,2001,155.1207
East Timor,TLS,2002,121.98022
East Timor,TLS,2003,77.4723
East Timor,TLS,2004,263.05734
East Timor,TLS,2005,168.64842
East Timor,TLS,2006,175.6315
East Timor,TLS,2007,119.63151
East Timor,TLS,2008,136.76146
East Timor,TLS,2009,99.913185
East Timor,TLS,2010,93.200264
East Timor,TLS,2011,29.450764
East Timor,TLS,2012,6.7878823
East Timor,TLS,2013,1.2979964
East Timor,TLS,2014,0.42446536
East Timor,TLS,2015,0.09699509
East Timor,TLS,2016,0.097246535
East Timor,TLS,2017,0.013683705
East Timor,TLS,2018,0
East Timor,TLS,2019,0
East Timor,TLS,2020,0.0024536727
East Timor,TLS,2021,0
East Timor,TLS,2022,0
Ecuador,ECU,2000,14.608184
Ecuador,ECU,2001,14.960115
Ecuador,ECU,2002,11.712659
Ecuador,ECU,2003,6.907206
Ecuador,ECU,2004,3.7457368
Ecuador,ECU,2005,2.1849267
Ecuador,ECU,2006,1.2423582
Ecuador,ECU,2007,1.0145466
Ecuador,ECU,2008,0.5953501
Ecuador,ECU,2009,0.4938523
Ecuador,ECU,2010,0.22225893
Ecuador,ECU,2011,0.14116606
Ecuador,ECU,2012,0.061996307
Ecuador,ECU,2013,0.0413009
Ecuador,ECU,2014,0.026759861
Ecuador,ECU,2015,0.06831392
Ecuador,ECU,2016,0.12784028
Ecuador,ECU,2017,0.13474728
Ecuador,ECU,2018,0.17142357
Ecuador,ECU,2019,0.18344243
Ecuador,ECU,2020,0.19403143
Ecuador,ECU,2021,0.21564597
Ecuador,ECU,2022,0.14566962
Egypt,EGY,2000,0
Egypt,EGY,2001,0
Egypt,EGY,2002,0
Egypt,EGY,2003,0
Egypt,EGY,2004,0
Egypt,EGY,2005,0
Egypt,EGY,2006,0
Egypt,EGY,2007,0
Egypt,EGY,2008,0
Egypt,EGY,2009,0
Egypt,EGY,2010,0
Egypt,EGY,2011,0
Egypt,EGY,2012,0
Egypt,EGY,2013,0
Egypt,EGY,2014,0
Egypt,EGY,2015,0
Egypt,EGY,2016,0
Egypt,EGY,2017,0
Egypt,EGY,2018,0
Egypt,EGY,2019,0
Egypt,EGY,2020,0
Egypt,EGY,2021,0
Egypt,EGY,2022,0
El Salvador,SLV,2000,0.62253475
El Salvador,SLV,2001,0.2977995
El Salvador,SLV,2002,0.095879
El Salvador,SLV,2003,0.069475666
El Salvador,SLV,2004,0.09141088
El Salvador,SLV,2005,0.05466371
El Salvador,SLV,2006,0.040000327
El Salvador,SLV,2007,0.032600954
El Salvador,SLV,2008,0.026789542
El Salvador,SLV,2009,0.01698327
El Salvador,SLV,2010,0.0136969965
El Salvador,SLV,2011,0.005618514
El Salvador,SLV,2012,0.010393838
El Salvador,SLV,2013,0.0047782683
El Salvador,SLV,2014,0.0047598914
El Salvador,SLV,2015,0.0039528627
El Salvador,SLV,2016,0.00945736
El Salvador,SLV,2017,0
El Salvador,SLV,2018,0
El Salvador,SLV,2019,0
El Salvador,SLV,2020,0
El Salvador,SLV,2021,0
El Salvador,SLV,2022,0
Equatorial Guinea,GNQ,2000,347.9635
Equatorial Guinea,GNQ,2001,346.9073
Equatorial Guinea,GNQ,2002,339.488
Equatorial Guinea,GNQ,2003,346.4728
Equatorial Guinea,GNQ,2004,360.00146
Equatorial Guinea,GNQ,2005,371.35345
Equatorial Guinea,GNQ,2006,369.25156
Equatorial Guinea,GNQ,2007,363.79102
Equatorial Guinea,GNQ,2008,338.89832
Equatorial Guinea,GNQ,2009,305.2834
Equatorial Guinea,GNQ,2010,288.53275
Equatorial Guinea,GNQ,2011,290.3228
Equatorial Guinea,GNQ,2012,311.9561
Equatorial Guinea,GNQ,2013,332.88718
Equatorial Guinea,GNQ,2014,334.3466
Equatorial Guinea,GNQ,2015,332.33777
Equatorial Guinea,GNQ,2016,313.54675
Equatorial Guinea,GNQ,2017,288.01593
Equatorial Guinea,GNQ,2018,263.8322
Equatorial Guinea,GNQ,2019,243.02992
Equatorial Guinea,GNQ,2020,239.74265
Equatorial Guinea,GNQ,2021,235.15387
Equatorial Guinea,GNQ,2022,232.43306
Eritrea,ERI,2000,17.849203
Eritrea,ERI,2001,22.12129
Eritrea,ERI,2002,12.884781
Eritrea,ERI,2003,18.651611
Eritrea,ERI,2004,5.462264
Eritrea,ERI,2005,9.774937
Eritrea,ERI,2006,5.7074547
Eritrea,ERI,2007,12.838634
Eritrea,ERI,2008,6.9090242
Eritrea,ERI,2009,8.9679
Eritrea,ERI,2010,26.517864
Eritrea,ERI,2011,23.905323
Eritrea,ERI,2012,16.135727
Eritrea,ERI,2013,14.95859
Eritrea,ERI,2014,33.004807
Eritrea,ERI,2015,19.167631
Eritrea,ERI,2016,25.72173
Eritrea,ERI,2017,34.127254
Eritrea,ERI,2018,28.941996
Eritrea,ERI,2019,57.271343
Eritrea,ERI,2020,44.625954
Eritrea,ERI,2021,25.66022
Eritrea,ERI,2022,37.759987
Eswatini,SWZ,2000,2.7275436
Eswatini,SWZ,2001,4.784115
Eswatini,SWZ,2002,2.2771611
Eswatini,SWZ,2003,1.1536009
Eswatini,SWZ,2004,1.9235086
Eswatini,SWZ,2005,0.9296034
Eswatini,SWZ,2006,0.5136447
Eswatini,SWZ,2007,0.27675095
Eswatini,SWZ,2008,0.19006236
Eswatini,SWZ,2009,0.34576342
Eswatini,SWZ,2010,0.87019485
Eswatini,SWZ,2011,1.2245438
Eswatini,SWZ,2012,1.3142505
Eswatini,SWZ,2013,2.3249204
Eswatini,SWZ,2014,1.2339727
Eswatini,SWZ,2015,1.0015684
Eswatini,SWZ,2016,0.78147954
Eswatini,SWZ,2017,1.3648108
Eswatini,SWZ,2018,2.1112955
Eswatini,SWZ,2019,0.7694868
Eswatini,SWZ,2020,0.70481545
Eswatini,SWZ,2021,1.5127233
Eswatini,SWZ,2022,0.6360208
Ethiopia,ETH,2000,322.77725
Ethiopia,ETH,2001,292.09882
Ethiopia,ETH,2002,259.3682
Ethiopia,ETH,2003,262.43185
Ethiopia,ETH,2004,245.71645
Ethiopia,ETH,2005,167.65376
Ethiopia,ETH,2006,154.22835
Ethiopia,ETH,2007,131.35452
Ethiopia,ETH,2008,111.35761
Ethiopia,ETH,2009,149.34378
Ethiopia,ETH,2010,171.80725
Ethiopia,ETH,2011,176.26804
Ethiopia,ETH,2012,204.05954
Ethiopia,ETH,2013,235.0244
Ethiopia,ETH,2014,214.99187
Ethiopia,ETH,2015,182.25677
Ethiopia,ETH,2016,123.964325
Ethiopia,ETH,2017,90.15991
Ethiopia,ETH,2018,36.964233
Ethiopia,ETH,2019,34.08666
Ethiopia,ETH,2020,53.05247
Ethiopia,ETH,2021,46.262165
Ethiopia,ETH,2022,60.860165
Gabon,GAB,2000,330.43243
Gabon,GAB,2001,322.67047
Gabon,GAB,2002,293.2557
Gabon,GAB,2003,248.7003
Gabon,GAB,2004,187.82733
Gabon,GAB,2005,147.3683
Gabon,GAB,2006,134.57866
Gabon,GAB,2007,129.23045
Gabon,GAB,2008,153.18898
Gabon,GAB,2009,197.02432
Gabon,GAB,2010,233.91084
Gabon,GAB,2011,255.25473
Gabon,GAB,2012,257.9979
Gabon,GAB,2013,249.88461
Gabon,GAB,2014,240.59221
Gabon,GAB,2015,233.62141
Gabon,GAB,2016,228.33124
Gabon,GAB,2017,228.14484
Gabon,GAB,2018,227.90797
Gabon,GAB,2019,228.36964
Gabon,GAB,2020,230.20816
Gabon,GAB,2021,228.91843
Gabon,GAB,2022,230.53598
Gambia,GMB,2000,312.4597
Gambia,GMB,2001,303.634
Gambia,GMB,2002,294.96533
Gambia,GMB,2003,286.38147
Gambia,GMB,2004,277.87003
Gambia,GMB,2005,269.46738
Gambia,GMB,2006,261.23917
Gambia,GMB,2007,253.24852
Gambia,GMB,2008,245.50876
Gambia,GMB,2009,238.02113
Gambia,GMB,2010,230.80048
Gambia,GMB,2011,237.14902
Gambia,GMB,2012,254.23943
Gambia,GMB,2013,202.0967
Gambia,GMB,2014,138.74754
Gambia,GMB,2015,199.9345
Gambia,GMB,2016,128.19662
Gambia,GMB,2017,62.177944
Gambia,GMB,2018,80.2318
Gambia,GMB,2019,43.834248
Gambia,GMB,2020,81.93372
Gambia,GMB,2021,60.97088
Gambia,GMB,2022,93.06421
Georgia,GEO,2000,5.7442966
Georgia,GEO,2001,10.568478
Georgia,GEO,2002,11.671715
Georgia,GEO,2003,7.8650007
Georgia,GEO,2004,6.4430404
Georgia,GEO,2005,3.9130545
Georgia,GEO,2006,1.499822
Georgia,GEO,2007,0.6143764
Georgia,GEO,2008,0.15465511
Georgia,GEO,2009,0.025938991
Georgia,GEO,2010,0
Georgia,GEO,2011,0
Georgia,GEO,2012,0
Georgia,GEO,2013,0
Georgia,GEO,2014,0
Georgia,GEO,2015,0
Georgia,GEO,2016,0
Georgia,GEO,2017,0
Georgia,GEO,2018,0
Georgia,GEO,2019,0
Georgia,GEO,2020,0
Ghana,GHA,2000,427.7009
Ghana,GHA,2001,417.31827
Ghana,GHA,2002,395.96198
Ghana,GHA,2003,369.66083
Ghana,GHA,2004,344.2654
Ghana,GHA,2005,328.43515
Ghana,GHA,2006,324.8785
Ghana,GHA,2007,324.30804
Ghana,GHA,2008,335.55215
Ghana,GHA,2009,354.74704
Ghana,GHA,2010,370.39026
Ghana,GHA,2011,375.25247
Ghana,GHA,2012,366.10773
Ghana,GHA,2013,339.1362
Ghana,GHA,2014,308.44604
Ghana,GHA,2015,270.84607
Ghana,GHA,2016,229.29926
Ghana,GHA,2017,195.69101
Ghana,GHA,2018,169.30408
Ghana,GHA,2019,163.40231
Ghana,GHA,2020,162.438
Ghana,GHA,2021,159.74893
Ghana,GHA,2022,158.78879
Guatemala,GTM,2000,7.1871824
Guatemala,GTM,2001,4.7077093
Guatemala,GTM,2002,4.549865
Guatemala,GTM,2003,3.8789327
Guatemala,GTM,2004,3.51701
Guatemala,GTM,2005,4.715246
Guatemala,GTM,2006,3.6156979
Guatemala,GTM,2007,1.7400655
Guatemala,GTM,2008,0.79794437
Guatemala,GTM,2009,0.7696442
Guatemala,GTM,2010,0.8623821
Guatemala,GTM,2011,0.7115512
Guatemala,GTM,2012,0.54830456
Guatemala,GTM,2013,0.6254469
Guatemala,GTM,2014,0.4858962
Guatemala,GTM,2015,0.5366092
Guatemala,GTM,2016,0.47624066
Guatemala,GTM,2017,0.3860779
Guatemala,GTM,2018,0.27836883
Guatemala,GTM,2019,0.18801424
Guatemala,GTM,2020,0.094678886
Guatemala,GTM,2021,0.09576472
Guatemala,GTM,2022,0.13778028
Guinea,GIN,2000,433.73782
Guinea,GIN,2001,431.1518
Guinea,GIN,2002,414.67395
Guinea,GIN,2003,394.18787
Guinea,GIN,2004,365.74063
Guinea,GIN,2005,343.95392
Guinea,GIN,2006,337.93246
Guinea,GIN,2007,345.4406
Guinea,GIN,2008,369.36935
Guinea,GIN,2009,399.49017
Guinea,GIN,2010,420.64264
Guinea,GIN,2011,433.6754
Guinea,GIN,2012,435.32535
Guinea,GIN,2013,413.25766
Guinea,GIN,2014,393.57703
Guinea,GIN,2015,378.6935
Guinea,GIN,2016,360.23077
Guinea,GIN,2017,357.5933
Guinea,GIN,2018,359.09174
Guinea,GIN,2019,343.69174
Guinea,GIN,2020,334.45844
Guinea,GIN,2021,330.89847
Guinea,GIN,2022,315.29724
Guinea-Bissau,GNB,2000,404.7572
Guinea-Bissau,GNB,2001,323.63168
Guinea-Bissau,GNB,2002,252.28479
Guinea-Bissau,GNB,2003,182.6553
Guinea-Bissau,GNB,2004,121.31693
Guinea-Bissau,GNB,2005,93.22808
Guinea-Bissau,GNB,2006,78.091156
Guinea-Bissau,GNB,2007,76.79315
Guinea-Bissau,GNB,2008,87.98191
Guinea-Bissau,GNB,2009,107.268486
Guinea-Bissau,GNB,2010,125.74112
Guinea-Bissau,GNB,2011,129.37402
Guinea-Bissau,GNB,2012,125.36508
Guinea-Bissau,GNB,2013,119.613396
Guinea-Bissau,GNB,2014,104.54486
Guinea-Bissau,GNB,2015,88.68708
Guinea-Bissau,GNB,2016,73.905785
Guinea-Bissau,GNB,2017,63.873997
Guinea-Bissau,GNB,2018,64.39891
Guinea-Bissau,GNB,2019,71.94473
Guinea-Bissau,GNB,2020,90.48986
Guinea-Bissau,GNB,2021,102.307396
Guinea-Bissau,GNB,2022,106.95461
Guyana,GUY,2000,44.30269
Guyana,GUY,2001,49.97835
Guyana,GUY,2002,40.319706
Guyana,GUY,2003,50.858444
Guyana,GUY,2004,53.149296
Guyana,GUY,2005,71.847244
Guyana,GUY,2006,36.432228
Guyana,GUY,2007,20.748928
Guyana,GUY,2008,21.699926
Guyana,GUY,2009,23.796085
Guyana,GUY,2010,39.617237
Guyana,GUY,2011,52.21907
Guyana,GUY,2012,58.567192
Guyana,GUY,2013,76.87646
Guyana,GUY,2014,29.702509
Guyana,GUY,2015,23.879814
Guyana,GUY,2016,25.447676
Guyana,GUY,2017,32.97338
Guyana,GUY,2018,39.170532
Guyana,GUY,2019,32.613335
Guyana,GUY,2020,27.713177
Guyana,GUY,2021,31.958805
Guyana,GUY,2022,32.740383
Haiti,HTI,2000,9.665034
Haiti,HTI,2001,9.665006
Haiti,HTI,2002,9.66505
Haiti,HTI,2003,9.665015
Haiti,HTI,2004,9.6650505
Haiti,HTI,2005,9.665076
Haiti,HTI,2006,9.808198
Haiti,HTI,2007,8.7078705
Haiti,HTI,2008,10.468377
Haiti,HTI,2009,9.664986
Haiti,HTI,2010,9.665077
Haiti,HTI,2011,9.162208
Haiti,HTI,2012,7.2576423
Haiti,HTI,2013,6.8230762
Haiti,HTI,2014,3.5600536
Haiti,HTI,2015,3.410197
Haiti,HTI,2016,3.7901304
Haiti,HTI,2017,3.4126318
Haiti,HTI,2018,1.6262283
Haiti,HTI,2019,1.7754563
Haiti,HTI,2020,4.0464387
Haiti,HTI,2021,2.2044516
Haiti,HTI,2022,3.37914
Honduras,HND,2000,8.540779
Honduras,HND,2001,5.716261
Honduras,HND,2002,3.9711373
Honduras,HND,2003,3.174081
Honduras,HND,2004,3.7908816
Honduras,HND,2005,3.4249723
Honduras,HND,2006,2.4542441
Honduras,HND,2007,2.0844314
Honduras,HND,2008,1.5998988
Honduras,HND,2009,1.7205552
Honduras,HND,2010,1.7385045
Honduras,HND,2011,1.3148082
Honduras,HND,2012,1.0898874
Honduras,HND,2013,0.89089435
Honduras,HND,2014,0.5506772
Honduras,HND,2015,0.56919134
Honduras,HND,2016,0.64402145
Honduras,HND,2017,0.19678915
Honduras,HND,2018,0.10518172
Honduras,HND,2019,0.04922009
Honduras,HND,2020,0.11976058
Honduras,HND,2021,0.16670024
Honduras,HND,2022,0.37502313
India,IND,2000,19.86539
India,IND,2001,19.91367
India,IND,2002,18.407946
India,IND,2003,19.369436
India,IND,2004,21.15593
India,IND,2005,22.512669
India,IND,2006,18.1072
India,IND,2007,17.29837
India,IND,2008,17.82863
India,IND,2009,18.06199
India,IND,2010,17.392832
India,IND,2011,14.724851
India,IND,2012,11.807623
India,IND,2013,9.06607
India,IND,2014,9.129907
India,IND,2015,9.656072
India,IND,2016,9.893848
India,IND,2017,7.3936925
India,IND,2018,5.274513
India,IND,2019,4.294632
India,IND,2020,3.753634
India,IND,2021,3.6379313
India,IND,2022,2.5595706
Indonesia,IDN,2000,5.331663
Indonesia,IDN,2001,5.3316617
Indonesia,IDN,2002,5.3316655
Indonesia,IDN,2003,5.3316627
Indonesia,IDN,2004,4.8118606
Indonesia,IDN,2005,5.1889567
Indonesia,IDN,2006,5.9791994
Indonesia,IDN,2007,5.331662
Indonesia,IDN,2008,5.331665
Indonesia,IDN,2009,5.3316627
Indonesia,IDN,2010,8.161176
Indonesia,IDN,2011,7.331316
Indonesia,IDN,2012,7.1816907
Indonesia,IDN,2013,6.0390344
Indonesia,IDN,2014,4.5391955
Indonesia,IDN,2015,4.0116796
Indonesia,IDN,2016,4.1525617
Indonesia,IDN,2017,2.8137627
Indonesia,IDN,2018,2.4806411
Indonesia,IDN,2019,2.8723633
Indonesia,IDN,2020,2.829779
Indonesia,IDN,2021,2.964846
Indonesia,IDN,2022,4.1942844
Iran,IRN,2000,29.461693
Iran,IRN,2001,28.35549
Iran,IRN,2002,22.632814
Iran,IRN,2003,33.959965
Iran,IRN,2004,19.600946
Iran,IRN,2005,26.467978
Iran,IRN,2006,21.86128
Iran,IRN,2007,21.278988
Iran,IRN,2008,11.153116
Iran,IRN,2009,5.72589
Iran,IRN,2010,2.4000509
Iran,IRN,2011,2.0937545
Iran,IRN,2012,0.9575899
Iran,IRN,2013,0.59920233
Iran,IRN,2014,0.43850625
Iran,IRN,2015,0.19997989
Iran,IRN,2016,0.09523182
Iran,IRN,2017,0.06606428
Iran,IRN,2018,0
Iran,IRN,2019,0
Iran,IRN,2020,0
Iran,IRN,2021,0
Iran,IRN,2022,1.5916363
Iraq,IRQ,2000,0.58093214
Iraq,IRQ,2001,0.3827145
Iraq,IRQ,2002,0.27891764
Iraq,IRQ,2003,0.098609045
Iraq,IRQ,2004,0.04279802
Iraq,IRQ,2005,0.01259774
Iraq,IRQ,2006,0.0063868365
Iraq,IRQ,2007,0.0005367809
Iraq,IRQ,2008,0.000526539
Iraq,IRQ,2009,0
Iraq,IRQ,2010,0
Iraq,IRQ,2011,0
Iraq,IRQ,2012,0
Iraq,IRQ,2013,0
Iraq,IRQ,2014,0
Iraq,IRQ,2015,0
Iraq,IRQ,2016,0.0009938912
Iraq,IRQ,2017,0
Iraq,IRQ,2018,0
Iraq,IRQ,2019,0
Iraq,IRQ,2020,0
Iraq,IRQ,2021,0
Iraq,IRQ,2022,0
Kazakhstan,KAZ,2010,0
Kazakhstan,KAZ,2011,0
Kazakhstan,KAZ,2012,0
Kazakhstan,KAZ,2013,0
Kazakhstan,KAZ,2014,0
Kazakhstan,KAZ,2015,0
Kazakhstan,KAZ,2016,0
Kazakhstan,KAZ,2017,0
Kazakhstan,KAZ,2018,0
Kazakhstan,KAZ,2019,0
Kenya,KEN,2000,220.55997
Kenya,KEN,2001,248.28546
Kenya,KEN,2002,231.24274
Kenya,KEN,2003,222.70416
Kenya,KEN,2004,185.4751
Kenya,KEN,2005,139.15367
Kenya,KEN,2006,103.35223
Kenya,KEN,2007,77.068565
Kenya,KEN,2008,64.88042
Kenya,KEN,2009,63.55517
Kenya,KEN,2010,65.955795
Kenya,KEN,2011,68.23697
Kenya,KEN,2012,69.93707
Kenya,KEN,2013,71.12383
Kenya,KEN,2014,70.56802
Kenya,KEN,2015,68.56914
Kenya,KEN,2016,64.61316
Kenya,KEN,2017,64.10837
Kenya,KEN,2018,61.577106
Kenya,KEN,2019,59.32921
Kenya,KEN,2020,62.02294
Kenya,KEN,2021,63.65086
Kenya,KEN,2022,63.254818
Kyrgyzstan,KGZ,2000,0.0018184459
Kyrgyzstan,KGZ,2001,0.003860481
Kyrgyzstan,KGZ,2002,0.69501495
Kyrgyzstan,KGZ,2003,0.116383135
Kyrgyzstan,KGZ,2004,0.022710875
Kyrgyzstan,KGZ,2005,0.055546943
Kyrgyzstan,KGZ,2006,0.07770327
Kyrgyzstan,KGZ,2007,0.02324502
Kyrgyzstan,KGZ,2008,0.004317144
Kyrgyzstan,KGZ,2009,0.00023679927
Kyrgyzstan,KGZ,2010,0.00070137
Kyrgyzstan,KGZ,2011,0
Kyrgyzstan,KGZ,2012,0
Kyrgyzstan,KGZ,2013,0
Kyrgyzstan,KGZ,2014,0
Kyrgyzstan,KGZ,2015,0
Kyrgyzstan,KGZ,2016,0
Kyrgyzstan,KGZ,2017,0
Kyrgyzstan,KGZ,2018,0
Kyrgyzstan,KGZ,2019,0
Kyrgyzstan,KGZ,2020,0
Laos,LAO,2000,31.761923
Laos,LAO,2001,21.616224
Laos,LAO,2002,17.279064
Laos,LAO,2003,15.441394
Laos,LAO,2004,13.438134
Laos,LAO,2005,11.492985
Laos,LAO,2006,15.8246355
Laos,LAO,2007,14.533979
Laos,LAO,2008,12.981452
Laos,LAO,2009,14.642516
Laos,LAO,2010,13.301515
Laos,LAO,2011,9.095306
Laos,LAO,2012,23.603357
Laos,LAO,2013,19.964462
Laos,LAO,2014,25.208197
Laos,LAO,2015,17.693554
Laos,LAO,2016,7.491165
Laos,LAO,2017,4.012064
Laos,LAO,2018,4.2342553
Laos,LAO,2019,2.8089185
Laos,LAO,2020,1.4898074
Laos,LAO,2021,1.6572952
Laos,LAO,2022,0.94771224
Latin America and Caribbean (WB),,2000,13.037963
Latin America and Caribbean (WB),,2001,10.7977085
Latin America and Caribbean (WB),,2002,9.693853
Latin America and Caribbean (WB),,2003,9.355981
Latin America and Caribbean (WB),,2004,9.124975
Latin America and Caribbean (WB),,2005,9.987528
Latin America and Caribbean (WB),,2006,8.47606
Latin America and Caribbean (WB),,2007,7.5226274
Latin America and Caribbean (WB),,2008,5.2296124
Latin America and Caribbean (WB),,2009,5.095502
Latin America and Caribbean (WB),,2010,6.00759
Latin America and Caribbean (WB),,2011,4.4613857
Latin America and Caribbean (WB),,2012,4.1940103
Latin America and Caribbean (WB),,2013,4.072573
Latin America and Caribbean (WB),,2014,3.3243024
Latin America and Caribbean (WB),,2015,3.9593434
Latin America and Caribbean (WB),,2016,4.7062316
Latin America and Caribbean (WB),,2017,6.3968773
Latin America and Caribbean (WB),,2018,6.223927
Latin America and Caribbean (WB),,2019,5.9582534
Latin America and Caribbean (WB),,2020,4.2536926
Latin America and Caribbean (WB),,2021,3.9400291
Latin America and Caribbean (WB),,2022,3.5763211
Liberia,LBR,2000,431.19394
Liberia,LBR,2001,440.00266
Liberia,LBR,2002,439.11697
Liberia,LBR,2003,434.03595
Liberia,LBR,2004,406.8242
Liberia,LBR,2005,388.57544
Liberia,LBR,2006,376.27805
Liberia,LBR,2007,370.9222
Liberia,LBR,2008,370.8517
Liberia,LBR,2009,354.56583
Liberia,LBR,2010,337.02335
Liberia,LBR,2011,323.84894
Liberia,LBR,2012,306.71924
Liberia,LBR,2013,312.14056
Liberia,LBR,2014,333.30768
Liberia,LBR,2015,345.11133
Liberia,LBR,2016,376.95163
Liberia,LBR,2017,404.32544
Liberia,LBR,2018,402.13803
Liberia,LBR,2019,392.0206
Liberia,LBR,2020,376.22592
Liberia,LBR,2021,356.68796
Liberia,LBR,2022,349.4622
Low-income countries,,2000,303.45746
Low-income countries,,2001,302.2296
Low-income countries,,2002,292.47287
Low-income countries,,2003,286.58475
Low-income countries,,2004,273.18964
Low-income countries,,2005,258.52365
Low-income countries,,2006,250.79842
Low-income countries,,2007,238.6751
Low-income countries,,2008,231.24176
Low-income countries,,2009,235.81035
Low-income countries,,2010,235.60527
Low-income countries,,2011,229.0127
Low-income countries,,2012,228.48196
Low-income countries,,2013,224.73058
Low-income countries,,2014,215.84958
Low-income countries,,2015,211.04659
Low-income countries,,2016,205.20364
Low-income countries,,2017,209.08072
Low-income countries,,2018,195.61993
Low-income countries,,2019,189.87144
Low-income countries,,2020,195.00722
Low-income countries,,2021,189.1542
Low-income countries,,2022,185.14864
Lower-middle-income countries,,2000,78.12625
Lower-middle-income countries,,2001,77.9847
Lower-middle-income countries,,2002,75.08903
Lower-middle-income countries,,2003,75.43322
Lower-middle-income countries,,2004,75.56818
Lower-middle-income countries,,2005,74.95193
Lower-middle-income countries,,2006,70.89557
Lower-middle-income countries,,2007,68.916374
Lower-middle-income countries,,2008,67.504875
Lower-middle-income countries,,2009,66.67625
Lower-middle-income countries,,2010,64.66155
Lower-middle-income countries,,2011,61.015774
Lower-middle-income countries,,2012,56.935646
Lower-middle-income countries,,2013,53.10881
Lower-middle-income countries,,2014,52.22775
Lower-middle-income countries,,2015,51.788536
Lower-middle-income countries,,2016,51.592834
Lower-middle-income countries,,2017,50.867065
Lower-middle-income countries,,2018,49.76896
Lower-middle-income countries,,2019,49.278954
Lower-middle-income countries,,2020,50.71772
Lower-middle-income countries,,2021,50.556004
Lower-middle-income countries,,2022,51.278603
Madagascar,MDG,2000,55.868458
Madagascar,MDG,2001,66.51815
Madagascar,MDG,2002,52.203022
Madagascar,MDG,2003,66.57929
Madagascar,MDG,2004,45.704033
Madagascar,MDG,2005,35.272774
Madagascar,MDG,2006,34.4451
Madagascar,MDG,2007,22.193672
Madagascar,MDG,2008,22.880966
Madagascar,MDG,2009,41.806133
Madagascar,MDG,2010,41.11812
Madagascar,MDG,2011,36.850376
Madagascar,MDG,2012,69.432
Madagascar,MDG,2013,63.476658
Madagascar,MDG,2014,44.52763
Madagascar,MDG,2015,94.40088
Madagascar,MDG,2016,55.231133
Madagascar,MDG,2017,75.329636
Madagascar,MDG,2018,71.569855
Madagascar,MDG,2019,73.296776
Madagascar,MDG,2020,142.10452
Madagascar,MDG,2021,170.27487
Madagascar,MDG,2022,120.20641
Malawi,MWI,2000,451.3356
Malawi,MWI,2001,459.99973
Malawi,MWI,2002,437.62457
Malawi,MWI,2003,401.3689
Malawi,MWI,2004,373.3464
Malawi,MWI,2005,369.77542
Malawi,MWI,2006,353.5782
Malawi,MWI,2007,350.60522
Malawi,MWI,2008,368.32855
Malawi,MWI,2009,381.6648
Malawi,MWI,2010,381.5201
Malawi,MWI,2011,367.7533
Malawi,MWI,2012,324.32266
Malawi,MWI,2013,292.40137
Malawi,MWI,2014,264.18704
Malawi,MWI,2015,242.43681
Malawi,MWI,2016,226.90706
Malawi,MWI,2017,218.75948
Malawi,MWI,2018,210.12213
Malawi,MWI,2019,204.96417
Malawi,MWI,2020,219.4673
Malawi,MWI,2021,219.16614
Malawi,MWI,2022,219.16614
Malaysia,MYS,2000,13.842794
Malaysia,MYS,2001,13.571201
Malaysia,MYS,2002,11.410411
Malaysia,MYS,2003,6.404763
Malaysia,MYS,2004,6.0730524
Malaysia,MYS,2005,5.3706045
Malaysia,MYS,2006,4.9925685
Malaysia,MYS,2007,3.7353373
Malaysia,MYS,2008,5.4863176
Malaysia,MYS,2009,5.276037
Malaysia,MYS,2010,4.521598
Malaysia,MYS,2011,3.3871155
Malaysia,MYS,2012,3.086628
Malaysia,MYS,2013,0.8528346
Malaysia,MYS,2014,0.4868255
Malaysia,MYS,2015,0.19472896
Malaysia,MYS,2016,0.21093433
Malaysia,MYS,2017,0.066456504
Malaysia,MYS,2018,0
Malaysia,MYS,2019,0
Malaysia,MYS,2020,0
Malaysia,MYS,2021,0
Malaysia,MYS,2022,0
Mali,MLI,2000,406.2294
Mali,MLI,2001,407.44647
Mali,MLI,2002,416.45828
Mali,MLI,2003,423.80887
Mali,MLI,2004,429.3726
Mali,MLI,2005,431.24026
Mali,MLI,2006,405.71033
Mali,MLI,2007,388.8055
Mali,MLI,2008,379.05875
Mali,MLI,2009,374.56232
Mali,MLI,2010,383.60342
Mali,MLI,2011,404.73294
Mali,MLI,2012,435.65057
Mali,MLI,2013,452.81595
Mali,MLI,2014,441.0074
Mali,MLI,2015,391.8293
Mali,MLI,2016,384.2218
Mali,MLI,2017,386.77756
Mali,MLI,2018,386.77753
Mali,MLI,2019,333.69543
Mali,MLI,2020,357.45023
Mali,MLI,2021,353.56046
Mali,MLI,2022,353.56046
Mauritania,MRT,2000,110.30859
Mauritania,MRT,2001,108.793
Mauritania,MRT,2002,107.871735
Mauritania,MRT,2003,109.89219
Mauritania,MRT,2004,94.85657
Mauritania,MRT,2005,91.78651
Mauritania,MRT,2006,83.368355
Mauritania,MRT,2007,77.66906
Mauritania,MRT,2008,64.25098
Mauritania,MRT,2009,32.462975
Mauritania,MRT,2010,36.090485
Mauritania,MRT,2011,46.106277
Mauritania,MRT,2012,24.22202
Mauritania,MRT,2013,27.04999
Mauritania,MRT,2014,56.3823
Mauritania,MRT,2015,73.91352
Mauritania,MRT,2016,95.34168
Mauritania,MRT,2017,73.67161
Mauritania,MRT,2018,55.373672
Mauritania,MRT,2019,41.985252
Mauritania,MRT,2020,44.851913
Mauritania,MRT,2021,44.85204
Mauritania,MRT,2022,44.851936
Mexico,MEX,2000,3.56159
Mexico,MEX,2001,2.370966
Mexico,MEX,2002,2.1613111
Mexico,MEX,2003,1.7586905
Mexico,MEX,2004,1.5456167
Mexico,MEX,2005,1.3272923
Mexico,MEX,2006,1.1094445
Mexico,MEX,2007,1.0282998
Mexico,MEX,2008,1.0136279
Mexico,MEX,2009,1.1481378
Mexico,MEX,2010,0.5138983
Mexico,MEX,2011,0.46446472
Mexico,MEX,2012,0.33944234
Mexico,MEX,2013,0.19907004
Mexico,MEX,2014,0.26056314
Mexico,MEX,2015,0.2029698
Mexico,MEX,2016,0.21388033
Mexico,MEX,2017,0.28262126
Mexico,MEX,2018,0.30542853
Mexico,MEX,2019,0.23304854
Mexico,MEX,2020,0.13327523
Mexico,MEX,2021,0.09009183
Mexico,MEX,2022,0.060301427
Middle East and North Africa (WB),,2000,7.845633
Middle East and North Africa (WB),,2001,8.512304
Middle East and North Africa (WB),,2002,9.168036
Middle East and North Africa (WB),,2003,8.224899
Middle East and North Africa (WB),,2004,6.452502
Middle East and North Africa (WB),,2005,6.656687
Middle East and North Africa (WB),,2006,7.7575073
Middle East and North Africa (WB),,2007,5.3986225
Middle East and North Africa (WB),,2008,3.3396401
Middle East and North Africa (WB),,2009,4.2200975
Middle East and North Africa (WB),,2010,6.611261
Middle East and North Africa (WB),,2011,4.53912
Middle East and North Africa (WB),,2012,4.6040525
Middle East and North Africa (WB),,2013,3.691018
Middle East and North Africa (WB),,2014,3.0990453
Middle East and North Africa (WB),,2015,2.6792464
Middle East and North Africa (WB),,2016,3.3994043
Middle East and North Africa (WB),,2017,3.7711306
Middle East and North Africa (WB),,2018,4.355071
Middle East and North Africa (WB),,2019,4.20345
Middle East and North Africa (WB),,2020,4.0988355
Middle East and North Africa (WB),,2021,4.796027
Middle East and North Africa (WB),,2022,4.2247066
Middle-income countries,,2000,53.80758
Middle-income countries,,2001,53.824306
Middle-income countries,,2002,51.955627
Middle-income countries,,2003,52.313686
Middle-income countries,,2004,52.49216
Middle-income countries,,2005,52.26084
Middle-income countries,,2006,49.643005
Middle-income countries,,2007,48.30879
Middle-income countries,,2008,47.359024
Middle-income countries,,2009,46.909256
Middle-income countries,,2010,45.655483
Middle-income countries,,2011,43.173626
Middle-income countries,,2012,40.403954
Middle-income countries,,2013,37.73489
Middle-income countries,,2014,37.075493
Middle-income countries,,2015,36.807137
Middle-income countries,,2016,36.75287
Middle-income countries,,2017,36.24879
Middle-income countries,,2018,35.507236
Middle-income countries,,2019,35.249603
Middle-income countries,,2020,36.602943
Middle-income countries,,2021,44.06705
Middle-income countries,,2022,37.268703
Morocco,MAR,2000,0.00010506256
Morocco,MAR,2001,0
Morocco,MAR,2002,0.000648424
Morocco,MAR,2003,0.00013485599
Morocco,MAR,2004,0.00003329657
Morocco,MAR,2005,0
Morocco,MAR,2006,0
Morocco,MAR,2007,0
Morocco,MAR,2008,0
Morocco,MAR,2009,0
Morocco,MAR,2010,0
Morocco,MAR,2011,0
Morocco,MAR,2012,0
Morocco,MAR,2013,0
Morocco,MAR,2014,0
Morocco,MAR,2015,0
Morocco,MAR,2016,0
Morocco,MAR,2017,0
Morocco,MAR,2018,0
Morocco,MAR,2019,0
Morocco,MAR,2020,0
Morocco,MAR,2021,0
Morocco,MAR,2022,0
Mozambique,MOZ,2000,477.90292
Mozambique,MOZ,2001,491.93237
Mozambique,MOZ,2002,495.3534
Mozambique,MOZ,2003,481.2537
Mozambique,MOZ,2004,454.17685
Mozambique,MOZ,2005,425.74774
Mozambique,MOZ,2006,408.31586
Mozambique,MOZ,2007,387.23907
Mozambique,MOZ,2008,374.1447
Mozambique,MOZ,2009,370.81897
Mozambique,MOZ,2010,373.64227
Mozambique,MOZ,2011,370.67914
Mozambique,MOZ,2012,370.40454
Mozambique,MOZ,2013,368.95773
Mozambique,MOZ,2014,358.0424
Mozambique,MOZ,2015,349.80823
Mozambique,MOZ,2016,339.74042
Mozambique,MOZ,2017,328.87665
Mozambique,MOZ,2018,321.8857
Mozambique,MOZ,2019,310.2268
Mozambique,MOZ,2020,314.89566
Mozambique,MOZ,2021,315.88184
Mozambique,MOZ,2022,316.7433
Myanmar,MMR,2000,34.163746
Myanmar,MMR,2001,34.16375
Myanmar,MMR,2002,34.163754
Myanmar,MMR,2003,34.16374
Myanmar,MMR,2004,34.163754
Myanmar,MMR,2005,34.163754
Myanmar,MMR,2006,24.295694
Myanmar,MMR,2007,30.449194
Myanmar,MMR,2008,37.069633
Myanmar,MMR,2009,34.946224
Myanmar,MMR,2010,35.02551
Myanmar,MMR,2011,30.578575
Myanmar,MMR,2012,40.096745
Myanmar,MMR,2013,13.865294
Myanmar,MMR,2014,8.623205
Myanmar,MMR,2015,6.0561814
Myanmar,MMR,2016,3.5838952
Myanmar,MMR,2017,2.6506848
Myanmar,MMR,2018,2.3685415
Myanmar,MMR,2019,1.6949564
Myanmar,MMR,2020,1.7648337
Myanmar,MMR,2021,6.2480807
Myanmar,MMR,2022,12.371564
Namibia,NAM,2000,53.608765
Namibia,NAM,2001,69.83418
Namibia,NAM,2002,46.960808
Namibia,NAM,2003,44.43924
Namibia,NAM,2004,68.52851
Namibia,NAM,2005,41.91399
Namibia,NAM,2006,43.236115
Namibia,NAM,2007,12.941707
Namibia,NAM,2008,7.4741983
Namibia,NAM,2009,3.6968217
Namibia,NAM,2010,1.5543457
Namibia,NAM,2011,1.8268359
Namibia,NAM,2012,3.1765332
Namibia,NAM,2013,4.4827237
Namibia,NAM,2014,14.480039
Namibia,NAM,2015,8.30732
Namibia,NAM,2016,17.38027
Namibia,NAM,2017,47.502514
Namibia,NAM,2018,26.298397
Namibia,NAM,2019,2.9376583
Namibia,NAM,2020,10.220066
Namibia,NAM,2021,10.616902
Namibia,NAM,2022,8.290288
Nepal,NPL,2000,1.1189729
Nepal,NPL,2001,0.88249856
Nepal,NPL,2002,1.7330831
Nepal,NPL,2003,1.2744869
Nepal,NPL,2004,0.6481789
Nepal,NPL,2005,0.661551
Nepal,NPL,2006,0.6451996
Nepal,NPL,2007,0.7245394
Nepal,NPL,2008,0.49802807
Nepal,NPL,2009,0.42489406
Nepal,NPL,2010,0.49365425
Nepal,NPL,2011,0.29487696
Nepal,NPL,2012,0.27767876
Nepal,NPL,2013,0.24823944
Nepal,NPL,2014,0.10432088
Nepal,NPL,2015,0.07370513
Nepal,NPL,2016,0.06265996
Nepal,NPL,2017,0.076116
Nepal,NPL,2018,0.059549965
Nepal,NPL,2019,0.015644828
Nepal,NPL,2020,0.008564792
Nepal,NPL,2021,0.003668633
Nepal,NPL,2022,0.0040579573
Nicaragua,NIC,2000,6.643769
Nicaragua,NIC,2001,2.905048
Nicaragua,NIC,2002,2.1056952
Nicaragua,NIC,2003,1.8160688
Nicaragua,NIC,2004,1.8428752
Nicaragua,NIC,2005,1.7524576
Nicaragua,NIC,2006,0.8102777
Nicaragua,NIC,2007,0.34795415
Nicaragua,NIC,2008,0.19279894
Nicaragua,NIC,2009,0.15202351
Nicaragua,NIC,2010,0.16999657
Nicaragua,NIC,2011,0.2239243
Nicaragua,NIC,2012,0.29470876
Nicaragua,NIC,2013,0.27316353
Nicaragua,NIC,2014,0.26465902
Nicaragua,NIC,2015,0.52067864
Nicaragua,NIC,2016,1.4127102
Nicaragua,NIC,2017,2.4314082
Nicaragua,NIC,2018,3.4853935
Nicaragua,NIC,2019,2.8506615
Nicaragua,NIC,2020,5.4613924
Nicaragua,NIC,2021,4.8863106
Nicaragua,NIC,2022,3.3362858
Niger,NER,2000,355.7451
Niger,NER,2001,347.48462
Niger,NER,2002,325.03943
Niger,NER,2003,296.51532
Niger,NER,2004,300.49246
Niger,NER,2005,308.27368
Niger,NER,2006,305.32535
Niger,NER,2007,313.37802
Niger,NER,2008,349.63882
Niger,NER,2009,375.22827
Niger,NER,2010,407.62082
Niger,NER,2011,421.39923
Niger,NER,2012,425.16547
Niger,NER,2013,413.74612
Niger,NER,2014,406.8126
Niger,NER,2015,401.10965
Niger,NER,2016,384.9377
Niger,NER,2017,362.65408
Niger,NER,2018,343.7268
Niger,NER,2019,325.5293
Niger,NER,2020,322.40894
Niger,NER,2021,295.13565
Niger,NER,2022,294.71133
Nigeria,NGA,2000,413.33496
Nigeria,NGA,2001,406.09296
Nigeria,NGA,2002,393.20337
Nigeria,NGA,2003,393.8068
Nigeria,NGA,2004,402.38385
Nigeria,NGA,2005,408.65274
Nigeria,NGA,2006,411.6849
Nigeria,NGA,2007,414.0445
Nigeria,NGA,2008,415.76645
Nigeria,NGA,2009,403.54138
Nigeria,NGA,2010,376.2037
Nigeria,NGA,2011,351.64505
Nigeria,NGA,2012,327.608
Nigeria,NGA,2013,308.6048
Nigeria,NGA,2014,298.15897
Nigeria,NGA,2015,294.11066
Nigeria,NGA,2016,295.05612
Nigeria,NGA,2017,299.0737
Nigeria,NGA,2018,300.68533
Nigeria,NGA,2019,301.90814
Nigeria,NGA,2020,312.65094
Nigeria,NGA,2021,306.4625
Nigeria,NGA,2022,305.30435
North Korea,PRK,2000,9.91596
North Korea,PRK,2001,12.57801
North Korea,PRK,2002,10.697052
North Korea,PRK,2003,1.77884
North Korea,PRK,2004,1.6904776
North Korea,PRK,2005,0.7140822
North Korea,PRK,2006,0.729637
North Korea,PRK,2007,0.5035824
North Korea,PRK,2008,1.7365035
North Korea,PRK,2009,1.522622
North Korea,PRK,2010,1.4009261
North Korea,PRK,2011,1.7298293
North Korea,PRK,2012,2.2457552
North Korea,PRK,2013,1.4740047
North Korea,PRK,2014,1.0725212
North Korea,PRK,2015,0.71114564
North Korea,PRK,2016,0.5070699
North Korea,PRK,2017,0.46144494
North Korea,PRK,2018,0.36895823
North Korea,PRK,2019,0.18562534
North Korea,PRK,2020,0.17987703
North Korea,PRK,2021,0.23214144
North Korea,PRK,2022,0.20958823
Oman,OMN,2000,0.0025594507
Oman,OMN,2001,0.0008422283
Oman,OMN,2002,0.0024961943
Oman,OMN,2003,0.002467511
Oman,OMN,2004,0
Oman,OMN,2005,0
Oman,OMN,2006,0
Oman,OMN,2007,0.0015350961
Oman,OMN,2008,0
Oman,OMN,2009,0
Oman,OMN,2010,0
Oman,OMN,2011,0
Oman,OMN,2012,0
Oman,OMN,2013,0
Oman,OMN,2014,0
Oman,OMN,2015,0
Oman,OMN,2016,0
Oman,OMN,2017,0
Oman,OMN,2018,0
Oman,OMN,2019,0
Oman,OMN,2020,0
Oman,OMN,2021,0
Oman,OMN,2022,0
Pakistan,PAK,2000,6.087883
Pakistan,PAK,2001,6.629935
Pakistan,PAK,2002,6.020518
Pakistan,PAK,2003,5.636618
Pakistan,PAK,2004,4.074595
Pakistan,PAK,2005,4.930205
Pakistan,PAK,2006,4.861718
Pakistan,PAK,2007,4.6708946
Pakistan,PAK,2008,4.1785297
Pakistan,PAK,2009,5.4340587
Pakistan,PAK,2010,7.5623937
Pakistan,PAK,2011,9.761609
Pakistan,PAK,2012,8.313149
Pakistan,PAK,2013,6.8411007
Pakistan,PAK,2014,4.8580046
Pakistan,PAK,2015,4.8230953
Pakistan,PAK,2016,4.8458686
Pakistan,PAK,2017,3.8544788
Pakistan,PAK,2018,3.2660325
Pakistan,PAK,2019,2.9171584
Pakistan,PAK,2020,2.4300704
Pakistan,PAK,2021,2.2225668
Pakistan,PAK,2022,11.451849
Panama,PAN,2000,0.54247326
Panama,PAN,2001,0.47637948
Panama,PAN,2002,1.1300472
Panama,PAN,2003,2.2231324
Panama,PAN,2004,2.4689164
Panama,PAN,2005,1.7431694
Panama,PAN,2006,0.7758282
Panama,PAN,2007,0.58673066
Panama,PAN,2008,0.33435333
Panama,PAN,2009,0.34343094
Panama,PAN,2010,0.18123232
Panama,PAN,2011,0.15052131
Panama,PAN,2012,0.35297528
Panama,PAN,2013,0.2890126
Panama,PAN,2014,0.38572383
Panama,PAN,2015,0.21687834
Panama,PAN,2016,0.2998912
Panama,PAN,2017,0.29187113
Panama,PAN,2018,0.28272274
Panama,PAN,2019,0.6520215
Panama,PAN,2020,0.71283466
Panama,PAN,2021,1.4255588
Panama,PAN,2022,2.25984
Papua New Guinea,PNG,2000,265.46298
Papua New Guinea,PNG,2001,253.32224
Papua New Guinea,PNG,2002,209.72827
Papua New Guinea,PNG,2003,218.88185
Papua New Guinea,PNG,2004,271.44
Papua New Guinea,PNG,2005,217.50063
Papua New Guinea,PNG,2006,220.87553
Papua New Guinea,PNG,2007,180.7902
Papua New Guinea,PNG,2008,165.35696
Papua New Guinea,PNG,2009,212.45174
Papua New Guinea,PNG,2010,142.32437
Papua New Guinea,PNG,2011,115.16534
Papua New Guinea,PNG,2012,155.6894
Papua New Guinea,PNG,2013,172.23918
Papua New Guinea,PNG,2014,190.67105
Papua New Guinea,PNG,2015,101.90155
Papua New Guinea,PNG,2016,135.85156
Papua New Guinea,PNG,2017,134.9699
Papua New Guinea,PNG,2018,139.53706
Papua New Guinea,PNG,2019,117.88396
Papua New Guinea,PNG,2020,150.78711
Papua New Guinea,PNG,2021,124.3399
Papua New Guinea,PNG,2022,163.66898
Paraguay,PRY,2000,37.15229
Paraguay,PRY,2001,14.423154
Paraguay,PRY,2002,14.581166
Paraguay,PRY,2003,7.2022705
Paraguay,PRY,2004,3.5489545
Paraguay,PRY,2005,1.8917973
Paraguay,PRY,2006,4.115474
Paraguay,PRY,2007,6.6436434
Paraguay,PRY,2008,1.6287366
Paraguay,PRY,2009,0.38968882
Paraguay,PRY,2010,0.09630664
Paraguay,PRY,2011,0.004753281
Paraguay,PRY,2012,0
Paraguay,PRY,2013,0
Paraguay,PRY,2014,0
Paraguay,PRY,2015,0
Paraguay,PRY,2016,0
Paraguay,PRY,2017,0
Paraguay,PRY,2018,0
Paraguay,PRY,2019,0
Paraguay,PRY,2020,0
Paraguay,PRY,2021,0
Paraguay,PRY,2022,0
Peru,PER,2000,9.004951
Peru,PER,2001,9.902289
Peru,PER,2002,12.012035
Peru,PER,2003,10.306246
Peru,PER,2004,10.5322275
Peru,PER,2005,9.78135
Peru,PER,2006,7.181694
Peru,PER,2007,5.57576
Peru,PER,2008,4.8266225
Peru,PER,2009,4.5669966
Peru,PER,2010,3.296718
Peru,PER,2011,2.671004
Peru,PER,2012,3.460754
Peru,PER,2013,5.311814
Peru,PER,2014,7.040537
Peru,PER,2015,7.2038784
Peru,PER,2016,5.9566345
Peru,PER,2017,5.8607774
Peru,PER,2018,4.6215253
Peru,PER,2019,3.547003
Peru,PER,2020,2.273948
Peru,PER,2021,1.7557654
Peru,PER,2022,2.672486
Philippines,PHL,2000,1.7675419
Philippines,PHL,2001,1.2149377
Philippines,PHL,2002,1.4961729
Philippines,PHL,2003,2.0875638
Philippines,PHL,2004,1.8577523
Philippines,PHL,2005,1.6611056
Philippines,PHL,2006,2.0187967
Philippines,PHL,2007,2.1691146
Philippines,PHL,2008,1.4089642
Philippines,PHL,2009,1.0904411
Philippines,PHL,2010,0.97425896
Philippines,PHL,2011,0.42777014
Philippines,PHL,2012,0.33694446
Philippines,PHL,2013,0.30274135
Philippines,PHL,2014,0.24347126
Philippines,PHL,2015,0.4666377
Philippines,PHL,2016,0.28435224
Philippines,PHL,2017,0.2677339
Philippines,PHL,2018,0.17298329
Philippines,PHL,2019,0.21129033
Philippines,PHL,2020,0.23183915
Philippines,PHL,2021,0.16051239
Philippines,PHL,2022,0.121665984
Rwanda,RWA,2000,185.08768
Rwanda,RWA,2001,173.6198
Rwanda,RWA,2002,159.15364
Rwanda,RWA,2003,140.46628
Rwanda,RWA,2004,123.172104
Rwanda,RWA,2005,152.69337
Rwanda,RWA,2006,150.54132
Rwanda,RWA,2007,88.26464
Rwanda,RWA,2008,69.889725
Rwanda,RWA,2009,153.99248
Rwanda,RWA,2010,104.739716
Rwanda,RWA,2011,36.93046
Rwanda,RWA,2012,59.62787
Rwanda,RWA,2013,109.412186
Rwanda,RWA,2014,202.23697
Rwanda,RWA,2015,307.95978
Rwanda,RWA,2016,409.67877
Rwanda,RWA,2017,709.79333
Rwanda,RWA,2018,475.89774
Rwanda,RWA,2019,383.5768
Rwanda,RWA,2020,211.81107
Rwanda,RWA,2021,117.794846
Rwanda,RWA,2022,84.791725
Sao Tome and Principe,STP,2000,222.49051
Sao Tome and Principe,STP,2001,287.75177
Sao Tome and Principe,STP,2002,337.59784
Sao Tome and Principe,STP,2003,277.41574
Sao Tome and Principe,STP,2004,294.7805
Sao Tome and Principe,STP,2005,112.19075
Sao Tome and Principe,STP,2006,31.051441
Sao Tome and Principe,STP,2007,14.254173
Sao Tome and Principe,STP,2008,35.96469
Sao Tome and Principe,STP,2009,34.70538
Sao Tome and Principe,STP,2010,17.272617
Sao Tome and Principe,STP,2011,45.37636
Sao Tome and Principe,STP,2012,66.07906
Sao Tome and Principe,STP,2013,47.704082
Sao Tome and Principe,STP,2014,8.881147
Sao Tome and Principe,STP,2015,10.222549
Sao Tome and Principe,STP,2016,10.936706
Sao Tome and Principe,STP,2017,10.76256
Sao Tome and Principe,STP,2018,13.896775
Sao Tome and Principe,STP,2019,12.730721
Sao Tome and Principe,STP,2020,8.840977
Sao Tome and Principe,STP,2021,12.186977
Sao Tome and Principe,STP,2022,17.459759
Saudi Arabia,SAU,2000,2.8599067
Saudi Arabia,SAU,2001,1.2979703
Saudi Arabia,SAU,2002,1.0766921
Saudi Arabia,SAU,2003,0.69445956
Saudi Arabia,SAU,2004,0.4855561
Saudi Arabia,SAU,2005,0.40478525
Saudi Arabia,SAU,2006,0.4695336
Saudi Arabia,SAU,2007,0.16496369
Saudi Arabia,SAU,2008,0.020733096
Saudi Arabia,SAU,2009,0.018989198
Saudi Arabia,SAU,2010,0.009194985
Saudi Arabia,SAU,2011,0.02134149
Saudi Arabia,SAU,2012,0.024810525
Saudi Arabia,SAU,2013,0.010071317
Saudi Arabia,SAU,2014,0.008708574
Saudi Arabia,SAU,2015,0.023634441
Saudi Arabia,SAU,2016,0.07590798
Saudi Arabia,SAU,2017,0.04827375
Saudi Arabia,SAU,2018,0.016244764
Saudi Arabia,SAU,2019,0.009891117
Saudi Arabia,SAU,2020,0.021502402
Saudi Arabia,SAU,2021,0
Saudi Arabia,SAU,2022,0
Senegal,SEN,2000,232.28445
Senegal,SEN,2001,178.26466
Senegal,SEN,2002,158.34514
Senegal,SEN,2003,172.38481
Senegal,SEN,2004,132.9159
Senegal,SEN,2005,135.84047
Senegal,SEN,2006,124.590324
Senegal,SEN,2007,100.32499
Senegal,SEN,2008,52.95795
Senegal,SEN,2009,33.26872
Senegal,SEN,2010,60.90396
Senegal,SEN,2011,48.620987
Senegal,SEN,2012,53.357685
Senegal,SEN,2013,58.358364
Senegal,SEN,2014,38.136738
Senegal,SEN,2015,70.41769
Senegal,SEN,2016,46.377365
Senegal,SEN,2017,53.153584
Senegal,SEN,2018,67.265816
Senegal,SEN,2019,42.01176
Senegal,SEN,2020,43.91663
Senegal,SEN,2021,50.97685
Senegal,SEN,2022,48.018738
Sierra Leone,SLE,2000,445.34625
Sierra Leone,SLE,2001,448.12866
Sierra Leone,SLE,2002,444.65326
Sierra Leone,SLE,2003,426.73233
Sierra Leone,SLE,2004,413.9904
Sierra Leone,SLE,2005,407.44623
Sierra Leone,SLE,2006,402.66214
Sierra Leone,SLE,2007,408.5025
Sierra Leone,SLE,2008,429.35333
Sierra Leone,SLE,2009,450.63055
Sierra Leone,SLE,2010,449.9588
Sierra Leone,SLE,2011,442.84097
Sierra Leone,SLE,2012,429.7121
Sierra Leone,SLE,2013,413.19586
Sierra Leone,SLE,2014,397.66113
Sierra Leone,SLE,2015,384.08752
Sierra Leone,SLE,2016,378.858
Sierra Leone,SLE,2017,363.9141
Sierra Leone,SLE,2018,353.88226
Sierra Leone,SLE,2019,336.3984
Sierra Leone,SLE,2020,324.4815
Sierra Leone,SLE,2021,314.30185
Sierra Leone,SLE,2022,308.1393
Solomon Islands,SLB,2000,598.0624
Solomon Islands,SLB,2001,655.814
Solomon Islands,SLB,2002,627.69244
Solomon Islands,SLB,2003,523.827
Solomon Islands,SLB,2004,723.28595
Solomon Islands,SLB,2005,598.7824
Solomon Islands,SLB,2006,577.054
Solomon Islands,SLB,2007,311.24844
Solomon Islands,SLB,2008,182.28604
Solomon Islands,SLB,2009,144.10951
Solomon Islands,SLB,2010,170.89105
Solomon Islands,SLB,2011,114.33408
Solomon Islands,SLB,2012,92.905876
Solomon Islands,SLB,2013,93.122604
Solomon Islands,SLB,2014,58.848396
Solomon Islands,SLB,2015,65.636986
Solomon Islands,SLB,2016,135.37518
Solomon Islands,SLB,2017,162.56668
Solomon Islands,SLB,2018,132.81116
Solomon Islands,SLB,2019,208.3748
Solomon Islands,SLB,2020,164.79828
Solomon Islands,SLB,2021,217.93393
Solomon Islands,SLB,2022,223.48297
Somalia,SOM,2000,132.93959
Somalia,SOM,2001,142.48187
Somalia,SOM,2002,135.13124
Somalia,SOM,2003,133.42525
Somalia,SOM,2004,121.67974
Somalia,SOM,2005,133.05284
Somalia,SOM,2006,120.37694
Somalia,SOM,2007,100.89276
Somalia,SOM,2008,61.56645
Somalia,SOM,2009,38.78948
Somalia,SOM,2010,41.06431
Somalia,SOM,2011,33.66264
Somalia,SOM,2012,34.255615
Somalia,SOM,2013,41.180286
Somalia,SOM,2014,49.61397
Somalia,SOM,2015,58.12921
Somalia,SOM,2016,58.0228
Somalia,SOM,2017,54.77993
Somalia,SOM,2018,60.152317
Somalia,SOM,2019,60.35354
Somalia,SOM,2020,56.10734
Somalia,SOM,2021,65.22942
Somalia,SOM,2022,58.981976
South Africa,ZAF,2000,3.889069
South Africa,ZAF,2001,5.6121454
South Africa,ZAF,2002,3.2833622
South Africa,ZAF,2003,2.797894
South Africa,ZAF,2004,2.7594903
South Africa,ZAF,2005,1.5820997
South Africa,ZAF,2006,2.4444478
South Africa,ZAF,2007,1.265499
South Africa,ZAF,2008,1.5417532
South Africa,ZAF,2009,1.1866148
South Africa,ZAF,2010,1.5564376
South Africa,ZAF,2011,1.8812691
South Africa,ZAF,2012,1.2458361
South Africa,ZAF,2013,1.6046817
South Africa,ZAF,2014,2.1386983
South Africa,ZAF,2015,0.88749295
South Africa,ZAF,2016,0.76618683
South Africa,ZAF,2017,4.127914
South Africa,ZAF,2018,1.6676075
South Africa,ZAF,2019,0.82996124
South Africa,ZAF,2020,0.7589888
South Africa,ZAF,2021,0.500402
South Africa,ZAF,2022,0.3411033
South Asia (WB),,2000,18.79009
South Asia (WB),,2001,18.739546
South Asia (WB),,2002,17.40302
South Asia (WB),,2003,17.972939
South Asia (WB),,2004,18.801907
South Asia (WB),,2005,19.877462
South Asia (WB),,2006,16.066824
South Asia (WB),,2007,15.423904
South Asia (WB),,2008,15.738805
South Asia (WB),,2009,15.958512
South Asia (WB),,2010,15.681155
South Asia (WB),,2011,13.806271
South Asia (WB),,2012,11.06972
South Asia (WB),,2013,8.636522
South Asia (WB),,2014,8.458515
South Asia (WB),,2015,8.900051
South Asia (WB),,2016,9.3250675
South Asia (WB),,2017,7.1635537
South Asia (WB),,2018,5.20844
South Asia (WB),,2019,4.212488
South Asia (WB),,2020,3.5848684
South Asia (WB),,2021,3.4195259
South Asia (WB),,2022,3.9331126
South Korea,KOR,2000,1.2771735
South Korea,KOR,2001,0.77583027
South Korea,KOR,2002,0.5431032
South Korea,KOR,2003,0.35188612
South Korea,KOR,2004,0.25861225
South Korea,KOR,2005,0.40838
South Korea,KOR,2006,0.6097898
South Korea,KOR,2007,0.6597654
South Korea,KOR,2008,0.3137634
South Korea,KOR,2009,0.26402748
South Korea,KOR,2010,0.37080264
South Korea,KOR,2011,0.14672168
South Korea,KOR,2012,0.11340114
South Korea,KOR,2013,0.109214045
South Korea,KOR,2014,0.15738629
South Korea,KOR,2015,0.17564954
South Korea,KOR,2016,0.16760875
South Korea,KOR,2017,0.12091583
South Korea,KOR,2018,0.13849792
South Korea,KOR,2019,0.13374636
South Korea,KOR,2020,0.09809519
South Korea,KOR,2021,0.07552143
South Korea,KOR,2022,0.10531812
South Sudan,SSD,2000,348.9003
South Sudan,SSD,2001,348.57004
South Sudan,SSD,2002,341.42923
South Sudan,SSD,2003,330.8309
South Sudan,SSD,2004,316.66745
South Sudan,SSD,2005,308.51974
South Sudan,SSD,2006,297.6971
South Sudan,SSD,2007,283.1327
South Sudan,SSD,2008,276.99094
South Sudan,SSD,2009,276.76013
South Sudan,SSD,2010,281.25665
South Sudan,SSD,2011,286.91113
South Sudan,SSD,2012,281.7087
South Sudan,SSD,2013,277.80374
South Sudan,SSD,2014,269.68042
South Sudan,SSD,2015,265.4354
South Sudan,SSD,2016,259.62738
South Sudan,SSD,2017,270.73465
South Sudan,SSD,2018,274.5257
South Sudan,SSD,2019,293.60825
South Sudan,SSD,2020,283.13123
South Sudan,SSD,2021,270.45148
South Sudan,SSD,2022,255.16927
Sri Lanka,LKA,2000,48.636295
Sri Lanka,LKA,2001,15.28657
Sri Lanka,LKA,2002,9.421308
Sri Lanka,LKA,2003,2.3672605
Sri Lanka,LKA,2004,0.8298387
Sri Lanka,LKA,2005,0.36243182
Sri Lanka,LKA,2006,0.12931424
Sri Lanka,LKA,2007,0.04287487
Sri Lanka,LKA,2008,0.1391003
Sri Lanka,LKA,2009,0.11271566
Sri Lanka,LKA,2010,0.1438859
Sri Lanka,LKA,2011,0.025845496
Sri Lanka,LKA,2012,0.0047580195
Sri Lanka,LKA,2013,0
Sri Lanka,LKA,2014,0
Sri Lanka,LKA,2015,0
Sri Lanka,LKA,2016,0
Sri Lanka,LKA,2017,0
Sri Lanka,LKA,2018,0
Sri Lanka,LKA,2019,0
Sri Lanka,LKA,2020,0
Sri Lanka,LKA,2021,0
Sub-Saharan Africa (WB),,2000,354.83704
Sub-Saharan Africa (WB),,2001,353.0578
Sub-Saharan Africa (WB),,2002,341.0226
Sub-Saharan Africa (WB),,2003,336.64444
Sub-Saharan Africa (WB),,2004,326.15543
Sub-Saharan Africa (WB),,2005,313.2712
Sub-Saharan Africa (WB),,2006,303.50494
Sub-Saharan Africa (WB),,2007,292.0065
Sub-Saharan Africa (WB),,2008,282.10504
Sub-Saharan Africa (WB),,2009,279.8711
Sub-Saharan Africa (WB),,2010,273.6619
Sub-Saharan Africa (WB),,2011,263.31683
Sub-Saharan Africa (WB),,2012,254.80136
Sub-Saharan Africa (WB),,2013,246.74513
Sub-Saharan Africa (WB),,2014,238.21367
Sub-Saharan Africa (WB),,2015,233.10278
Sub-Saharan Africa (WB),,2016,226.89693
Sub-Saharan Africa (WB),,2017,229.31717
Sub-Saharan Africa (WB),,2018,220.59784
Sub-Saharan Africa (WB),,2019,216.80348
Sub-Saharan Africa (WB),,2020,222.65656
Sub-Saharan Africa (WB),,2021,217.41692
Sub-Saharan Africa (WB),,2022,214.17348
Sudan,SDN,2000,92.77145
Sudan,SDN,2001,86.3527
Sudan,SDN,2002,66.654045
Sudan,SDN,2003,61.08878
Sudan,SDN,2004,55.37405
Sudan,SDN,2005,54.65162
Sudan,SDN,2006,52.67852
Sudan,SDN,2007,46.51382
Sudan,SDN,2008,38.63531
Sudan,SDN,2009,34.629757
Sudan,SDN,2010,32.729385
Sudan,SDN,2011,32.562878
Sudan,SDN,2012,33.06529
Sudan,SDN,2013,34.939293
Sudan,SDN,2014,38.572758
Sudan,SDN,2015,42.21243
Sudan,SDN,2016,53.25982
Sudan,SDN,2017,53.776505
Sudan,SDN,2018,59.18903
Sudan,SDN,2019,65.59086
Sudan,SDN,2020,73.39838
Sudan,SDN,2021,72.844475
Sudan,SDN,2022,71.71054
Suriname,SUR,2000,160.58405
Suriname,SUR,2001,222.30093
Suriname,SUR,2002,175.34729
Suriname,SUR,2003,147.59166
Suriname,SUR,2004,111.09785
Suriname,SUR,2005,119.758675
Suriname,SUR,2006,42.65778
Suriname,SUR,2007,14.158021
Suriname,SUR,2008,26.45127
Suriname,SUR,2009,31.333065
Suriname,SUR,2010,21.957449
Suriname,SUR,2011,9.748501
Suriname,SUR,2012,6.902659
Suriname,SUR,2013,6.302975
Suriname,SUR,2014,4.7657533
Suriname,SUR,2015,0.9529748
Suriname,SUR,2016,0.9082441
Suriname,SUR,2017,1.5786684
Suriname,SUR,2018,0.3307067
Suriname,SUR,2019,1.1729676
Suriname,SUR,2020,1.7063894
Suriname,SUR,2021,0.24299458
Suriname,SUR,2022,0
Syria,SYR,2000,0.0003679254
Syria,SYR,2001,0.0037661523
Syria,SYR,2002,0.00087392115
Syria,SYR,2003,0.00011356309
Syria,SYR,2004,0.000055297474
Syria,SYR,2005,0
Syria,SYR,2006,0
Syria,SYR,2007,0
Syria,SYR,2008,0
Syria,SYR,2009,0
Syria,SYR,2010,0
Syria,SYR,2011,0
Syria,SYR,2012,0
Syria,SYR,2013,0
Syria,SYR,2014,0
Syria,SYR,2015,0
Syria,SYR,2016,0
Syria,SYR,2017,0
Syria,SYR,2018,0
Syria,SYR,2019,0
Syria,SYR,2020,0
Syria,SYR,2021,0
Syria,SYR,2022,0
Tajikistan,TJK,2000,9.098975
Tajikistan,TJK,2001,5.3196807
Tajikistan,TJK,2002,2.8192916
Tajikistan,TJK,2003,2.4355967
Tajikistan,TJK,2004,1.579502
Tajikistan,TJK,2005,0.9976952
Tajikistan,TJK,2006,0.57017356
Tajikistan,TJK,2007,0.26448172
Tajikistan,TJK,2008,0.12998559
Tajikistan,TJK,2009,0.06574435
Tajikistan,TJK,2010,0.043996207
Tajikistan,TJK,2011,0.029998511
Tajikistan,TJK,2012,0.010536492
Tajikistan,TJK,2013,0.0014718723
Tajikistan,TJK,2014,0.0007191658
Tajikistan,TJK,2015,0
Tajikistan,TJK,2016,0
Tajikistan,TJK,2017,0
Tajikistan,TJK,2018,0
Tajikistan,TJK,2019,0
Tajikistan,TJK,2020,0
Tajikistan,TJK,2022,0
Tanzania,TZA,2000,346.2445
Tanzania,TZA,2001,335.16153
Tanzania,TZA,2002,314.4506
Tanzania,TZA,2003,297.22464
Tanzania,TZA,2004,275.94916
Tanzania,TZA,2005,252.03062
Tanzania,TZA,2006,228.31792
Tanzania,TZA,2007,197.75563
Tanzania,TZA,2008,170.93774
Tanzania,TZA,2009,154.65047
Tanzania,TZA,2010,141.00673
Tanzania,TZA,2011,130.30229
Tanzania,TZA,2012,121.96318
Tanzania,TZA,2013,129.97234
Tanzania,TZA,2014,143.05064
Tanzania,TZA,2015,141.38899
Tanzania,TZA,2016,132.5946
Tanzania,TZA,2017,124.19845
Tanzania,TZA,2018,115.103386
Tanzania,TZA,2019,110.86317
Tanzania,TZA,2020,117.34696
Tanzania,TZA,2021,120.5196
Tanzania,TZA,2022,121.52921
Thailand,THA,2000,6.564519
Thailand,THA,2001,5.2597227
Thailand,THA,2002,3.655982
Thailand,THA,2003,3.03895
Thailand,THA,2004,2.1535575
Thailand,THA,2005,2.3844178
Thailand,THA,2006,2.407191
Thailand,THA,2007,2.6163461
Thailand,THA,2008,2.2361097
Thailand,THA,2009,2.2894988
Thailand,THA,2010,2.5071387
Thailand,THA,2011,1.9094329
Thailand,THA,2012,3.5734327
Thailand,THA,2013,3.1508944
Thailand,THA,2014,3.1047497
Thailand,THA,2015,1.3115612
Thailand,THA,2016,0.9013023
Thailand,THA,2017,0.5512262
Thailand,THA,2018,0.37859672
Thailand,THA,2019,0.30130008
Thailand,THA,2020,0.23025502
Thailand,THA,2021,0.1785527
Thailand,THA,2022,0.46033776
Togo,TGO,2000,444.41043
Togo,TGO,2001,440.80197
Togo,TGO,2002,446.3664
Togo,TGO,2003,454.32568
Togo,TGO,2004,459.40787
Togo,TGO,2005,458.5054
Togo,TGO,2006,454.84216
Togo,TGO,2007,436.12863
Togo,TGO,2008,390.75003
Togo,TGO,2009,340.32535
Togo,TGO,2010,315.81342
Togo,TGO,2011,307.93466
Togo,TGO,2012,334.30417
Togo,TGO,2013,366.27768
Togo,TGO,2014,364.64975
Togo,TGO,2015,351.23184
Togo,TGO,2016,316.9881
Togo,TGO,2017,272.99426
Togo,TGO,2018,246.55638
Togo,TGO,2019,232.5856
Togo,TGO,2020,236.21855
Togo,TGO,2021,231.829
Togo,TGO,2022,230.84705
Turkey,TUR,2000,2.7432103
Turkey,TUR,2001,2.5562212
Turkey,TUR,2002,2.3836262
Turkey,TUR,2003,2.1217678
Turkey,TUR,2004,1.2033511
Turkey,TUR,2005,0.46665707
Turkey,TUR,2006,0.17594714
Turkey,TUR,2007,0.06833351
Turkey,TUR,2008,0.03580791
Turkey,TUR,2009,0.008094292
Turkey,TUR,2010,0
Turkey,TUR,2011,0
Turkey,TUR,2012,0
Turkey,TUR,2013,0
Turkey,TUR,2014,0
Turkey,TUR,2015,0
Turkey,TUR,2016,0
Turkey,TUR,2017,0
Turkey,TUR,2018,0
Turkey,TUR,2019,0
Turkmenistan,TKM,2000,0.08080999
Turkmenistan,TKM,2001,0.026553284
Turkmenistan,TKM,2002,0.058932923
Turkmenistan,TKM,2003,0.022629261
Turkmenistan,TKM,2004,0.009575915
Turkmenistan,TKM,2005,0.0031488624
Turkmenistan,TKM,2006,0.003105484
Turkmenistan,TKM,2007,0
Turkmenistan,TKM,2008,0
Turkmenistan,TKM,2009,0
Turkmenistan,TKM,2010,0
Turkmenistan,TKM,2011,0
Turkmenistan,TKM,2012,0
Turkmenistan,TKM,2013,0
Turkmenistan,TKM,2014,0
Turkmenistan,TKM,2015,0
Turkmenistan,TKM,2016,0
Turkmenistan,TKM,2017,0
Turkmenistan,TKM,2018,0
Turkmenistan,TKM,2019,0
Turkmenistan,TKM,2020,0
Uganda,UGA,2000,487.22552
Uganda,UGA,2001,507.9744
Uganda,UGA,2002,500.15256
Uganda,UGA,2003,484.1247
Uganda,UGA,2004,449.82468
Uganda,UGA,2005,433.6453
Uganda,UGA,2006,421.3104
Uganda,UGA,2007,415.41354
Uganda,UGA,2008,417.9607
Uganda,UGA,2009,423.05133
Uganda,UGA,2010,409.43665
Uganda,UGA,2011,394.67972
Uganda,UGA,2012,376.55597
Uganda,UGA,2013,332.34442
Uganda,UGA,2014,294.28238
Uganda,UGA,2015,253.51479
Uganda,UGA,2016,283.13715
Uganda,UGA,2017,294.90326
Uganda,UGA,2018,262.6916
Uganda,UGA,2019,262.69156
Uganda,UGA,2020,283.81754
Uganda,UGA,2021,262.87753
Uganda,UGA,2022,267.75107
United Arab Emirates,ARE,2012,0
United Arab Emirates,ARE,2013,0
United Arab Emirates,ARE,2014,0
United Arab Emirates,ARE,2015,0
United Arab Emirates,ARE,2016,0
United Arab Emirates,ARE,2017,0
United Arab Emirates,ARE,2018,0
United Arab Emirates,ARE,2019,0
United Arab Emirates,ARE,2020,0
United Arab Emirates,ARE,2021,0
United Arab Emirates,ARE,2022,0
Upper-middle-income countries,,2000,3.8579857
Upper-middle-income countries,,2001,3.6666403
Upper-middle-income countries,,2002,3.42868
Upper-middle-income countries,,2003,3.3224597
Upper-middle-income countries,,2004,3.0978637
Upper-middle-income countries,,2005,3.2209558
Upper-middle-income countries,,2006,3.2922556
Upper-middle-income countries,,2007,2.9674354
Upper-middle-income countries,,2008,2.6589968
Upper-middle-income countries,,2009,2.6883118
Upper-middle-income countries,,2010,3.52716
Upper-middle-income countries,,2011,3.1785946
Upper-middle-income countries,,2012,3.1799023
Upper-middle-income countries,,2013,2.8680174
Upper-middle-income countries,,2014,2.464862
Upper-middle-income countries,,2015,2.3421023
Upper-middle-income countries,,2016,2.3598626
Upper-middle-income countries,,2017,2.1192615
Upper-middle-income countries,,2018,1.9539378
Upper-middle-income countries,,2019,1.9719899
Upper-middle-income countries,,2020,1.9936041
Upper-middle-income countries,,2022,2.3719494
Uzbekistan,UZB,2000,5.0551653
Uzbekistan,UZB,2001,3.0497465
Uzbekistan,UZB,2002,2.8929982
Uzbekistan,UZB,2003,2.8565915
Uzbekistan,UZB,2004,2.515819
Uzbekistan,UZB,2005,3.8384826
Uzbekistan,UZB,2006,2.7111342
Uzbekistan,UZB,2007,1.098539
Uzbekistan,UZB,2008,0.2524706
Uzbekistan,UZB,2009,0
Uzbekistan,UZB,2010,0.10484378
Uzbekistan,UZB,2011,0
Uzbekistan,UZB,2012,0
Uzbekistan,UZB,2013,0
Uzbekistan,UZB,2014,0
Uzbekistan,UZB,2015,0
Uzbekistan,UZB,2016,0
Uzbekistan,UZB,2017,0
Uzbekistan,UZB,2018,0
Uzbekistan,UZB,2019,0
Uzbekistan,UZB,2020,0
Vanuatu,VUT,2000,120.614975
Vanuatu,VUT,2001,94.917625
Vanuatu,VUT,2002,181.34818
Vanuatu,VUT,2003,205.9607
Vanuatu,VUT,2004,143.86458
Vanuatu,VUT,2005,117.740036
Vanuatu,VUT,2006,102.918945
Vanuatu,VUT,2007,119.60849
Vanuatu,VUT,2008,114.42946
Vanuatu,VUT,2009,62.10965
Vanuatu,VUT,2010,85.44202
Vanuatu,VUT,2011,46.28443
Vanuatu,VUT,2012,32.62175
Vanuatu,VUT,2013,20.209915
Vanuatu,VUT,2014,8.99132
Vanuatu,VUT,2015,2.9192803
Vanuatu,VUT,2016,14.734233
Vanuatu,VUT,2017,7.8073587
Vanuatu,VUT,2018,3.9253542
Vanuatu,VUT,2019,3.439508
Vanuatu,VUT,2020,2.9196143
Vanuatu,VUT,2021,1.8048675
Vanuatu,VUT,2022,6.2281938
Venezuela,VEN,2000,2.907925
Venezuela,VEN,2001,1.9159007
Venezuela,VEN,2002,2.7657099
Venezuela,VEN,2003,2.9097788
Venezuela,VEN,2004,4.1929426
Venezuela,VEN,2005,3.9731095
Venezuela,VEN,2006,3.2202694
Venezuela,VEN,2007,3.5483255
Venezuela,VEN,2008,2.6836276
Venezuela,VEN,2009,2.9601214
Venezuela,VEN,2010,4.0330806
Venezuela,VEN,2011,3.681929
Venezuela,VEN,2012,4.197428
Venezuela,VEN,2013,6.1772866
Venezuela,VEN,2014,7.026668
Venezuela,VEN,2015,10.459383
Venezuela,VEN,2016,18.339855
Venezuela,VEN,2017,31.581335
Venezuela,VEN,2018,31.865992
Venezuela,VEN,2019,32.267437
Venezuela,VEN,2020,15.678866
Venezuela,VEN,2021,14.516593
Venezuela,VEN,2022,10.902809
Vietnam,VNM,2000,1.2764033
Vietnam,VNM,2001,1.1678573
Vietnam,VNM,2002,0.8043917
Vietnam,VNM,2003,0.6459963
Vietnam,VNM,2004,0.41061634
Vietnam,VNM,2005,0.31817317
Vietnam,VNM,2006,0.3658709
Vietnam,VNM,2007,0.2623547
Vietnam,VNM,2008,0.17999746
Vietnam,VNM,2009,0.25307137
Vietnam,VNM,2010,0.2718836
Vietnam,VNM,2011,0.25512832
Vietnam,VNM,2012,0.29838592
Vietnam,VNM,2013,0.25746197
Vietnam,VNM,2014,0.23426685
Vietnam,VNM,2015,0.13733359
Vietnam,VNM,2016,0.06062661
Vietnam,VNM,2017,0.06562646
Vietnam,VNM,2018,0.044774316
Vietnam,VNM,2019,0.045334518
Vietnam,VNM,2020,0.01931797
Vietnam,VNM,2021,0.0052482937
Vietnam,VNM,2022,0.0056935465
World,OWID_WRL,2000,81.52086
World,OWID_WRL,2001,81.66026
World,OWID_WRL,2002,79.252815
World,OWID_WRL,2003,79.251144
World,OWID_WRL,2004,78.167
World,OWID_WRL,2005,76.544304
World,OWID_WRL,2006,73.659874
World,OWID_WRL,2007,71.35025
World,OWID_WRL,2008,69.903076
World,OWID_WRL,2009,70.38394
World,OWID_WRL,2010,69.468185
World,OWID_WRL,2011,66.79101
World,OWID_WRL,2012,64.43656
World,OWID_WRL,2013,61.904255
World,OWID_WRL,2014,60.39479
World,OWID_WRL,2015,59.784615
World,OWID_WRL,2016,59.25586
World,OWID_WRL,2017,59.696205
World,OWID_WRL,2018,57.51536
World,OWID_WRL,2019,56.81354
World,OWID_WRL,2020,59.09667
World,OWID_WRL,2022,58.92855
Yemen,YEM,2000,88.52823
Yemen,YEM,2001,96.010185
Yemen,YEM,2002,103.31408
Yemen,YEM,2003,91.461266
Yemen,YEM,2004,71.651474
Yemen,YEM,2005,73.07484
Yemen,YEM,2006,85.00572
Yemen,YEM,2007,58.493397
Yemen,YEM,2008,35.956528
Yemen,YEM,2009,45.38931
Yemen,YEM,2010,71.07229
Yemen,YEM,2011,48.348137
Yemen,YEM,2012,51.009575
Yemen,YEM,2013,40.328884
Yemen,YEM,2014,32.877285
Yemen,YEM,2015,27.994152
Yemen,YEM,2016,35.094696
Yemen,YEM,2017,38.65084
Yemen,YEM,2018,43.951458
Yemen,YEM,2019,40.95267
Yemen,YEM,2020,38.510063
Yemen,YEM,2021,46.16319
Yemen,YEM,2022,40.981518
Zambia,ZMB,2000,362.36838
Zambia,ZMB,2001,379.97986
Zambia,ZMB,2002,366.16782
Zambia,ZMB,2003,344.08224
Zambia,ZMB,2004,297.24286
Zambia,ZMB,2005,257.97247
Zambia,ZMB,2006,221.70372
Zambia,ZMB,2007,191.2623
Zambia,ZMB,2008,168.92047
Zambia,ZMB,2009,163.76796
Zambia,ZMB,2010,165.7987
Zambia,ZMB,2011,176.42134
Zambia,ZMB,2012,196.78204
Zambia,ZMB,2013,223.81769
Zambia,ZMB,2014,228.70189
Zambia,ZMB,2015,214.84131
Zambia,ZMB,2016,200.70604
Zambia,ZMB,2017,185.42473
Zambia,ZMB,2018,183.45116
Zambia,ZMB,2019,179.13818
Zambia,ZMB,2020,176.77274
Zambia,ZMB,2021,179.34991
Zambia,ZMB,2022,180.41055
Zimbabwe,ZWE,2000,105.924355
Zimbabwe,ZWE,2001,105.924446
Zimbabwe,ZWE,2002,105.92441
Zimbabwe,ZWE,2003,105.924355
Zimbabwe,ZWE,2004,105.92435
Zimbabwe,ZWE,2005,105.924416
Zimbabwe,ZWE,2006,105.924385
Zimbabwe,ZWE,2007,172.3827
Zimbabwe,ZWE,2008,69.70759
Zimbabwe,ZWE,2009,76.51478
Zimbabwe,ZWE,2010,108.57908
Zimbabwe,ZWE,2011,70.39488
Zimbabwe,ZWE,2012,56.728752
Zimbabwe,ZWE,2013,80.916214
Zimbabwe,ZWE,2014,100.185104
Zimbabwe,ZWE,2015,95.74045
Zimbabwe,ZWE,2016,66.836205
Zimbabwe,ZWE,2017,115.18194
Zimbabwe,ZWE,2018,53.551422
Zimbabwe,ZWE,2019,64.73938
Zimbabwe,ZWE,2020,93.43767
Zimbabwe,ZWE,2021,27.199484
Zimbabwe,ZWE,2022,28.456028